<?xml version="1.0" encoding="UTF-8"?>
<metadata xml:lang="es"><Esri><CreaDate>20220128</CreaDate><CreaTime>19463700</CreaTime><ArcGISFormat>1.0</ArcGISFormat><SyncOnce>FALSE</SyncOnce><DataProperties><lineage><Process ToolSource="c:\program files (x86)\arcgis\desktop10.3\ArcToolbox\Toolboxes\Data Management Tools.tbx\CalculateField" Date="20180404" Time="114644">CalculateField A_DRENAJE_2018 N_COLECTOR "REDES SECUNDARIAS- N° 6" VB #</Process><Process ToolSource="c:\program files (x86)\arcgis\desktop10.3\ArcToolbox\Toolboxes\Data Management Tools.tbx\CalculateField" Date="20180503" Time="103450">CalculateField A_DRENAJE_2018 AD_PROYEC "AREA DE DRENAJE CBD-205" VB #</Process><Process ToolSource="c:\program files (x86)\arcgis\desktop10.3\ArcToolbox\Toolboxes\Data Management Tools.tbx\CalculateField" Date="20180511" Time="090102">CalculateField "Área de Drenaje Existente" N_ESTADO "EXISTENTE" VB #</Process><Process ToolSource="c:\program files (x86)\arcgis\desktop10.3\ArcToolbox\Toolboxes\Data Management Tools.tbx\CalculateField" Date="20180511" Time="111548">CalculateField "Área de Drenaje Existente" N_PTAR "" VB #</Process><Process ToolSource="c:\program files (x86)\arcgis\desktop10.3\ArcToolbox\Toolboxes\Data Management Tools.tbx\CalculateField" Date="20180518" Time="105339">CalculateField A_DRENAJE_2018 N_PTAR "TABOADA" VB #</Process><Process ToolSource="c:\program files (x86)\arcgis\desktop10.3\ArcToolbox\Toolboxes\Data Management Tools.tbx\CalculateField" Date="20180518" Time="143612">CalculateField A_DRENAJE_2018 N_COLECTOR "COSTANERO" VB #</Process><Process ToolSource="c:\program files (x86)\arcgis\desktop10.3\ArcToolbox\Toolboxes\Data Management Tools.tbx\CalculateField" Date="20180518" Time="143904">CalculateField A_DRENAJE_2018 N_SISTEMA "INTERCEPTOR NORTE" VB #</Process><Process ToolSource="c:\program files (x86)\arcgis\desktop10.3\ArcToolbox\Toolboxes\Data Management Tools.tbx\CalculateField" Date="20180518" Time="143918">CalculateField A_DRENAJE_2018 FUNCIÓN "GRAVEDAD" VB #</Process><Process ToolSource="c:\program files (x86)\arcgis\desktop10.3\ArcToolbox\Toolboxes\Data Management Tools.tbx\CalculateField" Date="20180518" Time="144021">CalculateField A_DRENAJE_2018 N_AD_EXIST "TABOADA" VB #</Process><Process ToolSource="c:\program files (x86)\arcgis\desktop10.3\ArcToolbox\Toolboxes\Data Management Tools.tbx\CalculateField" Date="20180518" Time="144124">CalculateField A_DRENAJE_2018 N_COLECTOR "LA MARINA" VB #</Process><Process ToolSource="c:\program files (x86)\arcgis\desktop10.3\ArcToolbox\Toolboxes\Data Management Tools.tbx\CalculateField" Date="20180518" Time="144144">CalculateField A_DRENAJE_2018 N_EST_PROY "EXISTENTE" VB #</Process><Process ToolSource="c:\program files (x86)\arcgis\desktop10.3\ArcToolbox\Toolboxes\Data Management Tools.tbx\CalculateField" Date="20180518" Time="144203">CalculateField A_DRENAJE_2018 N_SISTEMA "INTERCEPTOR NORTE" VB #</Process><Process ToolSource="c:\program files (x86)\arcgis\desktop10.3\ArcToolbox\Toolboxes\Data Management Tools.tbx\CalculateField" Date="20180518" Time="144302">CalculateField A_DRENAJE_2018 N_AD_EXIST "TABOADA" VB #</Process><Process ToolSource="c:\program files (x86)\arcgis\desktop10.3\ArcToolbox\Toolboxes\Data Management Tools.tbx\CalculateField" Date="20180518" Time="145955">CalculateField A_DRENAJE_2018 N_SISTEMA "N° 6" VB #</Process><Process ToolSource="c:\program files (x86)\arcgis\desktop10.3\ArcToolbox\Toolboxes\Data Management Tools.tbx\CalculateField" Date="20180528" Time="113602">CalculateField A_DRENAJE_2018 N_COD_GYZ "F65A" VB #</Process><Process ToolSource="c:\program files (x86)\arcgis\desktop10.3\ArcToolbox\Toolboxes\Data Management Tools.tbx\CalculateField" Date="20180528" Time="113617">CalculateField A_DRENAJE_2018 N_COD_GYZ "F65B" VB #</Process><Process ToolSource="c:\program files (x86)\arcgis\desktop10.3\ArcToolbox\Toolboxes\Data Management Tools.tbx\CalculateField" Date="20180528" Time="113625">CalculateField A_DRENAJE_2018 N_COD_GYZ "F65C" VB #</Process><Process ToolSource="c:\program files (x86)\arcgis\desktop10.3\ArcToolbox\Toolboxes\Data Management Tools.tbx\CalculateField" Date="20180528" Time="113657">CalculateField A_DRENAJE_2018 N_COD_GYZ "F64A" VB #</Process><Process ToolSource="c:\program files (x86)\arcgis\desktop10.3\ArcToolbox\Toolboxes\Data Management Tools.tbx\CalculateField" Date="20180528" Time="114028">CalculateField A_DRENAJE_2018 N_COD_GYZ "F67A" VB #</Process><Process ToolSource="c:\program files (x86)\arcgis\desktop10.3\ArcToolbox\Toolboxes\Data Management Tools.tbx\CalculateField" Date="20180528" Time="114037">CalculateField A_DRENAJE_2018 N_COD_GYZ "F67B" VB #</Process><Process ToolSource="c:\program files (x86)\arcgis\desktop10.3\ArcToolbox\Toolboxes\Data Management Tools.tbx\CalculateField" Date="20180528" Time="114054">CalculateField A_DRENAJE_2018 N_COD_GYZ "F67C" VB #</Process><Process ToolSource="c:\program files (x86)\arcgis\desktop10.3\ArcToolbox\Toolboxes\Data Management Tools.tbx\CalculateField" Date="20180528" Time="114111">CalculateField A_DRENAJE_2018 N_COD_GYZ "F67D" VB #</Process><Process ToolSource="c:\program files (x86)\arcgis\desktop10.3\ArcToolbox\Toolboxes\Data Management Tools.tbx\CalculateField" Date="20180528" Time="120556">CalculateField A_DRENAJE_2018 N_COD_GYZ "F66A" VB #</Process><Process ToolSource="c:\program files (x86)\arcgis\desktop10.3\ArcToolbox\Toolboxes\Data Management Tools.tbx\CalculateField" Date="20180528" Time="120900">CalculateField A_DRENAJE_2018 N_COD_GYZ "F63A" VB #</Process><Process ToolSource="c:\program files (x86)\arcgis\desktop10.3\ArcToolbox\Toolboxes\Data Management Tools.tbx\CalculateField" Date="20180528" Time="120909">CalculateField A_DRENAJE_2018 N_COD_GYZ "F63B" VB #</Process><Process ToolSource="c:\program files (x86)\arcgis\desktop10.3\ArcToolbox\Toolboxes\Data Management Tools.tbx\CalculateField" Date="20180528" Time="120951">CalculateField A_DRENAJE_2018 N_COD_GYZ "F63C" VB #</Process><Process ToolSource="c:\program files (x86)\arcgis\desktop10.3\ArcToolbox\Toolboxes\Data Management Tools.tbx\CalculateField" Date="20180621" Time="092130">CalculateField "Área de Drenaje Existente" N_SISTEMA "INTERCEPTOR NORTE" VB #</Process><Process ToolSource="c:\program files (x86)\arcgis\desktop10.3\ArcToolbox\Toolboxes\Data Management Tools.tbx\CalculateField" Date="20180627" Time="102325">CalculateField "Área de Drenaje Existente" N_PTAR "CIENEGUILLA" VB #</Process><Process ToolSource="c:\program files (x86)\arcgis\desktop10.5\ArcToolbox\Toolboxes\Data Management Tools.tbx\CalculateField" Date="20180718" Time="155106">CalculateField A_DRENAJE_2018 N_ESTADO "EXISTENTE" VB #</Process><Process ToolSource="c:\program files (x86)\arcgis\desktop10.5\ArcToolbox\Toolboxes\Data Management Tools.tbx\CalculateField" Date="20180719" Time="150403">CalculateField A_DRENAJE_2018 N_ESTADO "EXISTENTE" VB #</Process><Process ToolSource="c:\program files (x86)\arcgis\desktop10.5\ArcToolbox\Toolboxes\Data Management Tools.tbx\CalculateField" Date="20180719" Time="150511">CalculateField A_DRENAJE_2018 N_ESTADO "EXISTENTE" VB #</Process><Process ToolSource="c:\program files (x86)\arcgis\desktop10.5\ArcToolbox\Toolboxes\Data Management Tools.tbx\CalculateField" Date="20180719" Time="150855">CalculateField A_DRENAJE_2018 N_ESTADO "EXISTENTE" VB #</Process><Process ToolSource="c:\program files (x86)\arcgis\desktop10.5\ArcToolbox\Toolboxes\Data Management Tools.tbx\CalculateField" Date="20180719" Time="151036">CalculateField A_DRENAJE_2018 N_ESTADO "EXISTENTE" VB #</Process><Process ToolSource="c:\program files (x86)\arcgis\desktop10.5\ArcToolbox\Toolboxes\Data Management Tools.tbx\CalculateField" Date="20180719" Time="155228">CalculateField A_DRENAJE_2018 N_COLECTOR "CANTO EL SOL" VB #</Process><Process ToolSource="c:\program files (x86)\arcgis\desktop10.5\ArcToolbox\Toolboxes\Data Management Tools.tbx\CalculateField" Date="20180719" Time="155803">CalculateField A_DRENAJE_2018 N_COLECTOR "SAN CARLOS" VB #</Process><Process ToolSource="c:\program files (x86)\arcgis\desktop10.5\ArcToolbox\Toolboxes\Data Management Tools.tbx\CalculateField" Date="20180719" Time="160155">CalculateField A_DRENAJE_2018 N_COLECTOR "MAQUINARIAS" VB #</Process><Process ToolSource="c:\program files (x86)\arcgis\desktop10.5\ArcToolbox\Toolboxes\Data Management Tools.tbx\CalculateField" Date="20180719" Time="160559">CalculateField A_DRENAJE_2018 N_COLECTOR "ALIVIADERO ASCARRUZ" VB #</Process><Process ToolSource="c:\program files (x86)\arcgis\desktop10.5\ArcToolbox\Toolboxes\Data Management Tools.tbx\CalculateField" Date="20180719" Time="164435">CalculateField A_DRENAJE_2018 N_COLECTOR "CANTO GRANDE" VB #</Process><Process ToolSource="c:\program files (x86)\arcgis\desktop10.4\ArcToolbox\Toolboxes\Data Management Tools.tbx\CalculateField" Date="20180720" Time="024610">CalculateField A_DRENAJE_2018 N_PTAR "TABOADA" VB #</Process><Process ToolSource="c:\program files (x86)\arcgis\desktop10.4\ArcToolbox\Toolboxes\Data Management Tools.tbx\CalculateField" Date="20180720" Time="024629">CalculateField A_DRENAJE_2018 N_COLECTOR "CANTO GRANDE" VB #</Process><Process ToolSource="c:\program files (x86)\arcgis\desktop10.4\ArcToolbox\Toolboxes\Data Management Tools.tbx\CalculateField" Date="20180720" Time="025455">CalculateField A_DRENAJE_2018 N_COLECTOR "SAN HILARION" VB #</Process><Process ToolSource="c:\program files (x86)\arcgis\desktop10.4\ArcToolbox\Toolboxes\Data Management Tools.tbx\CalculateField" Date="20180720" Time="030615">CalculateField A_DRENAJE_2018 N_COLECTOR "LA HUAYRONA" VB #</Process><Process ToolSource="c:\program files (x86)\arcgis\desktop10.4\ArcToolbox\Toolboxes\Data Management Tools.tbx\CalculateField" Date="20180720" Time="030837">CalculateField A_DRENAJE_2018 N_SISTEMA "CAMPOY" VB #</Process><Process ToolSource="c:\program files (x86)\arcgis\desktop10.4\ArcToolbox\Toolboxes\Data Management Tools.tbx\CalculateField" Date="20180720" Time="030851">CalculateField A_DRENAJE_2018 N_SISTEMA "N° 6" VB #</Process><Process ToolSource="c:\program files (x86)\arcgis\desktop10.4\ArcToolbox\Toolboxes\Data Management Tools.tbx\CalculateField" Date="20180720" Time="030916">CalculateField A_DRENAJE_2018 N_SUB_SIST "CAMPOY" VB #</Process><Process ToolSource="c:\program files (x86)\arcgis\desktop10.4\ArcToolbox\Toolboxes\Data Management Tools.tbx\CalculateField" Date="20180720" Time="031029">CalculateField A_DRENAJE_2018 N_COLECTOR "ALIVIADERO MANGOMARCA" VB #</Process><Process ToolSource="c:\program files (x86)\arcgis\desktop10.4\ArcToolbox\Toolboxes\Data Management Tools.tbx\CalculateField" Date="20180720" Time="032040">CalculateField A_DRENAJE_2018 N_COLECTOR "YACHAYHUASI" VB #</Process><Process ToolSource="c:\program files (x86)\arcgis\desktop10.4\ArcToolbox\Toolboxes\Data Management Tools.tbx\CalculateField" Date="20180720" Time="042827">CalculateField "A_DRENAJE_2018 selección" N_PTAR "TABOADA" VB #</Process><Process ToolSource="c:\program files (x86)\arcgis\desktop10.4\ArcToolbox\Toolboxes\Data Management Tools.tbx\CalculateField" Date="20180720" Time="043404">CalculateField "A_DRENAJE_2018 selección 2" N_PTAR "TABOADA" VB #</Process><Process ToolSource="c:\program files (x86)\arcgis\desktop10.4\ArcToolbox\Toolboxes\Data Management Tools.tbx\CalculateField" Date="20180720" Time="043905">CalculateField "A_DRENAJE_2018 selección 2" DISTRITO "LURIGANCHO" VB #</Process><Process ToolSource="c:\program files (x86)\arcgis\desktop10.4\ArcToolbox\Toolboxes\Data Management Tools.tbx\CalculateField" Date="20180720" Time="044004">CalculateField "A_DRENAJE_2018 selección 2" DISTRITO "SAN JUAN DE LURIGANCHO" VB #</Process><Process ToolSource="c:\program files (x86)\arcgis\desktop10.4\ArcToolbox\Toolboxes\Data Management Tools.tbx\CalculateField" Date="20180720" Time="044201">CalculateField "A_DRENAJE_2018 selección 2" N_COLECTOR "HUASCAR" VB #</Process><Process ToolSource="c:\program files (x86)\arcgis\desktop10.4\ArcToolbox\Toolboxes\Data Management Tools.tbx\CalculateField" Date="20180720" Time="044638">CalculateField "A_DRENAJE_2018 selección 2" N_COD_GYZ "F73A" VB #</Process><Process ToolSource="c:\program files (x86)\arcgis\desktop10.4\ArcToolbox\Toolboxes\Data Management Tools.tbx\CalculateField" Date="20180720" Time="044714">CalculateField "A_DRENAJE_2018 selección 2" N_COD_GYZ "F72A" VB #</Process><Process ToolSource="c:\program files (x86)\arcgis\desktop10.4\ArcToolbox\Toolboxes\Data Management Tools.tbx\CalculateField" Date="20180720" Time="044731">CalculateField "A_DRENAJE_2018 selección 2" N_COD_GYZ "F72B" VB #</Process><Process ToolSource="c:\program files (x86)\arcgis\desktop10.4\ArcToolbox\Toolboxes\Data Management Tools.tbx\CalculateField" Date="20180720" Time="044749">CalculateField "A_DRENAJE_2018 selección 2" N_COD_GYZ "F73B" VB #</Process><Process ToolSource="c:\program files (x86)\arcgis\desktop10.4\ArcToolbox\Toolboxes\Data Management Tools.tbx\CalculateField" Date="20180720" Time="044805">CalculateField "A_DRENAJE_2018 selección 2" N_COD_GYZ "F73C" VB #</Process><Process ToolSource="c:\program files (x86)\arcgis\desktop10.4\ArcToolbox\Toolboxes\Data Management Tools.tbx\CalculateField" Date="20180720" Time="044852">CalculateField "A_DRENAJE_2018 selección 2" N_COD_GYZ "F56A" VB #</Process><Process ToolSource="c:\program files (x86)\arcgis\desktop10.4\ArcToolbox\Toolboxes\Data Management Tools.tbx\CalculateField" Date="20180720" Time="044908">CalculateField "A_DRENAJE_2018 selección 2" N_COD_GYZ "F56B" VB #</Process><Process ToolSource="c:\program files (x86)\arcgis\desktop10.4\ArcToolbox\Toolboxes\Data Management Tools.tbx\CalculateField" Date="20180720" Time="045036">CalculateField "A_DRENAJE_2018 selección 2" N_COD_GYZ "15A" VB #</Process><Process ToolSource="c:\program files (x86)\arcgis\desktop10.4\ArcToolbox\Toolboxes\Data Management Tools.tbx\CalculateField" Date="20180720" Time="045104">CalculateField "A_DRENAJE_2018 selección 2" N_COD_GYZ "F25A" VB #</Process><Process ToolSource="c:\program files (x86)\arcgis\desktop10.4\ArcToolbox\Toolboxes\Data Management Tools.tbx\CalculateField" Date="20180720" Time="045121">CalculateField "A_DRENAJE_2018 selección 2" N_COD_GYZ "15B" VB #</Process><Process ToolSource="c:\program files (x86)\arcgis\desktop10.4\ArcToolbox\Toolboxes\Data Management Tools.tbx\CalculateField" Date="20180720" Time="045144">CalculateField "A_DRENAJE_2018 selección 2" N_COD_GYZ "F26A" VB #</Process><Process ToolSource="c:\program files (x86)\arcgis\desktop10.4\ArcToolbox\Toolboxes\Data Management Tools.tbx\CalculateField" Date="20180720" Time="045221">CalculateField "A_DRENAJE_2018 selección 2" N_COD_GYZ "F36A" VB #</Process><Process ToolSource="c:\program files (x86)\arcgis\desktop10.4\ArcToolbox\Toolboxes\Data Management Tools.tbx\CalculateField" Date="20180720" Time="045319">CalculateField "A_DRENAJE_2018 selección 2" FUNCIÓN "GRAVEDAD" VB #</Process><Process ToolSource="c:\program files (x86)\arcgis\desktop10.4\ArcToolbox\Toolboxes\Data Management Tools.tbx\CalculateField" Date="20180720" Time="045427">CalculateField "A_DRENAJE_2018 selección 2" LASTEDITOR "V_ALTAMIRANO" VB #</Process><Process ToolSource="c:\program files (x86)\arcgis\desktop10.4\ArcToolbox\Toolboxes\Data Management Tools.tbx\CalculateField" Date="20180720" Time="045501">CalculateField "A_DRENAJE_2018 selección 2" LASTUPDATE "20/07/2018" VB #</Process><Process ToolSource="c:\program files (x86)\arcgis\desktop10.4\ArcToolbox\Toolboxes\Data Management Tools.tbx\CalculateField" Date="20180720" Time="045704">CalculateField "A_DRENAJE_2018 selección 2" N_SISTEMA "N° 6" VB #</Process><Process ToolSource="c:\program files (x86)\arcgis\desktop10.4\ArcToolbox\Toolboxes\Data Management Tools.tbx\CalculateField" Date="20180720" Time="045734">CalculateField "A_DRENAJE_2018 selección 2" N_SISTEMA "ANEXO 22" VB #</Process><Process ToolSource="c:\program files (x86)\arcgis\desktop10.4\ArcToolbox\Toolboxes\Data Management Tools.tbx\CalculateField" Date="20180720" Time="045818">CalculateField "A_DRENAJE_2018 selección 2" N_SISTEMA "N° 6" VB #</Process><Process ToolSource="c:\program files (x86)\arcgis\desktop10.4\ArcToolbox\Toolboxes\Data Management Tools.tbx\CalculateField" Date="20180720" Time="045835">CalculateField "A_DRENAJE_2018 selección 2" N_SISTEMA "LA ATARJEA" VB #</Process><Process ToolSource="c:\program files (x86)\arcgis\desktop10.4\ArcToolbox\Toolboxes\Data Management Tools.tbx\CalculateField" Date="20180720" Time="050015">CalculateField "A_DRENAJE_2018 selección 2" N_SUB_SIST "CAMPOY" VB #</Process><Process ToolSource="c:\program files (x86)\arcgis\desktop10.4\ArcToolbox\Toolboxes\Data Management Tools.tbx\CalculateField" Date="20180720" Time="050035">CalculateField "A_DRENAJE_2018 selección 2" N_SUB_SIST "LA ATARJEA" VB #</Process><Process ToolSource="c:\program files (x86)\arcgis\desktop10.4\ArcToolbox\Toolboxes\Data Management Tools.tbx\CalculateField" Date="20180720" Time="050114">CalculateField "A_DRENAJE_2018 selección 2" N_SUB_SIST "CANTO GRANDE" VB #</Process><Process ToolSource="c:\program files (x86)\arcgis\desktop10.4\ArcToolbox\Toolboxes\Data Management Tools.tbx\CalculateField" Date="20180720" Time="050129">CalculateField "A_DRENAJE_2018 selección 2" N_SUB_SIST "LA HUAYRONA" VB #</Process><Process ToolSource="c:\program files (x86)\arcgis\desktop10.4\ArcToolbox\Toolboxes\Data Management Tools.tbx\CalculateField" Date="20180720" Time="050258">CalculateField "A_DRENAJE_2018 selección 2" N_SUB_SIST "CANTO GRANDE" VB #</Process><Process ToolSource="c:\program files (x86)\arcgis\desktop10.4\ArcToolbox\Toolboxes\Data Management Tools.tbx\CalculateField" Date="20180720" Time="050350">CalculateField "A_DRENAJE_2018 selección 2" N_SUB_SIST "ANEXO 22" VB #</Process><Process ToolSource="c:\program files (x86)\arcgis\desktop10.4\ArcToolbox\Toolboxes\Data Management Tools.tbx\CalculateField" Date="20180720" Time="050551">CalculateField "A_DRENAJE_2018 selección 2" N_SUB_SIST "CANTO GRANDE" VB #</Process><Process ToolSource="c:\program files (x86)\arcgis\desktop10.4\ArcToolbox\Toolboxes\Data Management Tools.tbx\CalculateField" Date="20180720" Time="050634">CalculateField "A_DRENAJE_2018 selección 2" N_SUB_SIST "LA HUAYRONA" VB #</Process><Process ToolSource="c:\program files (x86)\arcgis\desktop10.4\ArcToolbox\Toolboxes\Data Management Tools.tbx\CalculateField" Date="20180720" Time="050809">CalculateField "A_DRENAJE_2018 selección 2" N_SUB_SIST "CANTO GRANDE" VB #</Process><Process ToolSource="c:\program files (x86)\arcgis\desktop10.5\ArcToolbox\Toolboxes\Data Management Tools.tbx\CalculateField" Date="20180723" Time="081540">CalculateField A_DRENAJE_2018 N_COLECTOR "COSTANERO" VB #</Process><Process ToolSource="c:\program files (x86)\arcgis\desktop10.5\ArcToolbox\Toolboxes\Data Management Tools.tbx\CalculateField" Date="20180723" Time="081604">CalculateField A_DRENAJE_2018 FUNCIÓN "GRAVEDAD" VB #</Process><Process ToolSource="c:\program files (x86)\arcgis\desktop10.5\ArcToolbox\Toolboxes\Data Management Tools.tbx\CalculateField" Date="20180723" Time="095313">CalculateField A_DRENAJE_2018 N_COLECTOR "EL SOL" VB #</Process><Process ToolSource="c:\program files (x86)\arcgis\desktop10.5\ArcToolbox\Toolboxes\Data Management Tools.tbx\CalculateField" Date="20180723" Time="100132">CalculateField A_DRENAJE_2018 N_COLECTOR "SANTA MARIA DE HUACHIPA" VB #</Process><Process ToolSource="c:\program files (x86)\arcgis\desktop10.5\ArcToolbox\Toolboxes\Data Management Tools.tbx\CalculateField" Date="20180806" Time="142529">CalculateField A_DRENAJE_2018 FUNCIÓN "REBOMBEO" VB #</Process><Process ToolSource="c:\program files (x86)\arcgis\desktop10.5\ArcToolbox\Toolboxes\Data Management Tools.tbx\CalculateField" Date="20180809" Time="113511">CalculateField "Área de Drenaje Existente" N_COD_GYZ "WW1A" VB #</Process><Process ToolSource="c:\program files (x86)\arcgis\desktop10.4\ArcToolbox\Toolboxes\Data Management Tools.tbx\CalculateField" Date="20180823" Time="013500">CalculateField A_DRENAJE_2018 N_ESTADO "EXISTENTE" VB #</Process><Process ToolSource="c:\program files (x86)\arcgis\desktop10.4\ArcToolbox\Toolboxes\Data Management Tools.tbx\CalculateField" Date="20180823" Time="014157">CalculateField A_DRENAJE_2018 N_COLECTOR "RAMAL CENTRAL" VB #</Process><Process ToolSource="c:\program files (x86)\arcgis\desktop10.4\ArcToolbox\Toolboxes\Data Management Tools.tbx\CalculateField" Date="20180823" Time="014401">CalculateField A_DRENAJE_2018 N_COLECTOR "SAN JUAN1" VB #</Process><Process ToolSource="c:\program files (x86)\arcgis\desktop10.4\ArcToolbox\Toolboxes\Data Management Tools.tbx\CalculateField" Date="20180823" Time="014505">CalculateField A_DRENAJE_2018 N_COLECTOR "SAN JUAN1" VB #</Process><Process ToolSource="c:\program files (x86)\arcgis\desktop10.4\ArcToolbox\Toolboxes\Data Management Tools.tbx\CalculateField" Date="20180823" Time="014750">CalculateField A_DRENAJE_2018 N_COLECTOR "PARIACHI N° 1" VB #</Process><Process ToolSource="c:\program files (x86)\arcgis\desktop10.4\ArcToolbox\Toolboxes\Data Management Tools.tbx\CalculateField" Date="20180823" Time="014809">CalculateField A_DRENAJE_2018 N_COLECTOR "PARIACHI N° 1" VB #</Process><Process ToolSource="c:\program files (x86)\arcgis\desktop10.4\ArcToolbox\Toolboxes\Data Management Tools.tbx\CalculateField" Date="20180823" Time="014912">CalculateField A_DRENAJE_2018 N_COLECTOR "PARIACHI N° 2" VB #</Process><Process ToolSource="c:\program files (x86)\arcgis\desktop10.5\ArcToolbox\Toolboxes\Data Management Tools.tbx\CalculateField" Date="20180823" Time="100006">CalculateField A_DRENAJE_2018 N_COLECTOR "SAN ANTONIO DE CARAPONGO" VB #</Process><Process ToolSource="c:\program files (x86)\arcgis\desktop10.5\ArcToolbox\Toolboxes\Data Management Tools.tbx\CalculateField" Date="20180823" Time="100034">CalculateField A_DRENAJE_2018 N_COLECTOR "SAN ANTONIO DE CARAPONGO" VB #</Process><Process ToolSource="c:\program files (x86)\arcgis\desktop10.6\ArcToolbox\Toolboxes\Data Management Tools.tbx\CalculateField" Date="20180912" Time="084625">CalculateField A_DRENAJE_2018 N_COLECTOR "SAN DIEGO" VB #</Process><Process ToolSource="c:\program files (x86)\arcgis\desktop10.6\ArcToolbox\Toolboxes\Data Management Tools.tbx\CalculateField" Date="20180912" Time="142010">CalculateField A_DRENAJE_2018 N_COLECTOR "OLIVOS DE PUENTE PIEDRA" VB #</Process><Process ToolSource="c:\program files (x86)\arcgis\desktop10.6\ArcToolbox\Toolboxes\Data Management Tools.tbx\CalculateField" Date="20180918" Time="163026">CalculateField A_DRENAJE_2018 N_COLECTOR "SAENZ PEÑA" VB #</Process><Process ToolSource="c:\program files (x86)\arcgis\desktop10.6\ArcToolbox\Toolboxes\Data Management Tools.tbx\CalculateField" Date="20180919" Time="090138">CalculateField A_DRENAJE_2018 N_COLECTOR "PUENTE PIEDRA 1" VB #</Process><Process ToolSource="c:\program files (x86)\arcgis\desktop10.6\ArcToolbox\Toolboxes\Data Management Tools.tbx\CalculateField" Date="20180919" Time="090313">CalculateField A_DRENAJE_2018 N_COLECTOR "LA ENSENADA" VB #</Process><Process ToolSource="c:\program files (x86)\arcgis\desktop10.6\ArcToolbox\Toolboxes\Data Management Tools.tbx\CalculateField" Date="20180919" Time="101327">CalculateField A_DRENAJE_2018 N_COD_GYZ "A18A" VB #</Process><Process ToolSource="c:\program files (x86)\arcgis\desktop10.6\ArcToolbox\Toolboxes\Data Management Tools.tbx\CalculateField" Date="20180919" Time="101335">CalculateField A_DRENAJE_2018 N_COD_GYZ "A18" VB #</Process><Process ToolSource="c:\program files (x86)\arcgis\desktop10.6\ArcToolbox\Toolboxes\Data Management Tools.tbx\CalculateField" Date="20180919" Time="101350">CalculateField A_DRENAJE_2018 N_COD_GYZ "A18A" VB #</Process><Process ToolSource="c:\program files (x86)\arcgis\desktop10.6\ArcToolbox\Toolboxes\Data Management Tools.tbx\CalculateField" Date="20180919" Time="101614">CalculateField A_DRENAJE_2018 N_COLECTOR "LA VICTORIA" VB #</Process><Process ToolSource="c:\program files (x86)\arcgis\desktop10.6\ArcToolbox\Toolboxes\Data Management Tools.tbx\CalculateField" Date="20180919" Time="101629">CalculateField A_DRENAJE_2018 N_SUB_SIST "LOS NORTEÑOS" VB #</Process><Process ToolSource="c:\program files (x86)\arcgis\desktop10.6\ArcToolbox\Toolboxes\Data Management Tools.tbx\CalculateField" Date="20180919" Time="103440">CalculateField A_DRENAJE_2018 N_COD_GYZ "A22A" VB #</Process><Process ToolSource="c:\program files (x86)\arcgis\desktop10.6\ArcToolbox\Toolboxes\Data Management Tools.tbx\CalculateField" Date="20180919" Time="103550">CalculateField A_DRENAJE_2018 N_COLECTOR "ANTIGUO PUENTE PIEDRA" VB #</Process><Process ToolSource="c:\program files (x86)\arcgis\desktop10.6\ArcToolbox\Toolboxes\Data Management Tools.tbx\CalculateField" Date="20180919" Time="103812">CalculateField A_DRENAJE_2018 FUNCIÓN "GRAVEDAD" VB #</Process><Process ToolSource="c:\program files (x86)\arcgis\desktop10.6\ArcToolbox\Toolboxes\Data Management Tools.tbx\CalculateField" Date="20180919" Time="110706">CalculateField A_DRENAJE_2018 N_COLECTOR "PUENTE PIEDRA" VB #</Process><Process ToolSource="c:\program files (x86)\arcgis\desktop10.6\ArcToolbox\Toolboxes\Data Management Tools.tbx\CalculateField" Date="20180919" Time="111443">CalculateField A_DRENAJE_2018 N_COLECTOR "N° 2" VB #</Process><Process ToolSource="c:\program files (x86)\arcgis\desktop10.6\ArcToolbox\Toolboxes\Data Management Tools.tbx\CalculateField" Date="20180919" Time="111609">CalculateField A_DRENAJE_2018 N_SUB_SIST "ALAMEDA DEL NORTE" VB #</Process><Process ToolSource="c:\program files (x86)\arcgis\desktop10.6\ArcToolbox\Toolboxes\Data Management Tools.tbx\CalculateField" Date="20180919" Time="114301">CalculateField A_DRENAJE_2018 N_COLECTOR "COMAS" VB #</Process><Process ToolSource="c:\program files (x86)\arcgis\desktop10.6\ArcToolbox\Toolboxes\Data Management Tools.tbx\CalculateField" Date="20180919" Time="114503">CalculateField A_DRENAJE_2018 N_COLECTOR "COMAS" VB #</Process><Process ToolSource="c:\program files (x86)\arcgis\desktop10.6\ArcToolbox\Toolboxes\Data Management Tools.tbx\CalculateField" Date="20180919" Time="154823">CalculateField A_DRENAJE_2018 N_COD_GYZ "D9A" VB #</Process><Process ToolSource="c:\program files (x86)\arcgis\desktop10.6\ArcToolbox\Toolboxes\Data Management Tools.tbx\CalculateField" Date="20180919" Time="154835">CalculateField A_DRENAJE_2018 N_COD_GYZ "D9B" VB #</Process><Process ToolSource="c:\program files (x86)\arcgis\desktop10.6\ArcToolbox\Toolboxes\Data Management Tools.tbx\CalculateField" Date="20180919" Time="160506">CalculateField A_DRENAJE_2018 N_COD_GYZ "D6A" VB #</Process><Process ToolSource="c:\program files (x86)\arcgis\desktop10.4\ArcToolbox\Toolboxes\Data Management Tools.tbx\CalculateField" Date="20180921" Time="051128">CalculateField A_DRENAJE_0918 N_PTAR "PUENTE PIEDRA" VB #</Process><Process ToolSource="c:\program files (x86)\arcgis\desktop10.4\ArcToolbox\Toolboxes\Data Management Tools.tbx\CalculateField" Date="20180921" Time="051147">CalculateField A_DRENAJE_0918 N_ESTADO "EXISTENTE" VB #</Process><Process ToolSource="c:\program files (x86)\arcgis\desktop10.4\ArcToolbox\Toolboxes\Data Management Tools.tbx\CalculateField" Date="20180921" Time="051209">CalculateField A_DRENAJE_0918 N_COLECTOR "SAN BENITO" VB #</Process><Process ToolSource="c:\program files (x86)\arcgis\desktop10.4\ArcToolbox\Toolboxes\Data Management Tools.tbx\CalculateField" Date="20180921" Time="051230">CalculateField A_DRENAJE_0918 N_SISTEMA "PUENTE PIEDRA" VB #</Process><Process ToolSource="c:\program files (x86)\arcgis\desktop10.4\ArcToolbox\Toolboxes\Data Management Tools.tbx\CalculateField" Date="20180921" Time="051252">CalculateField A_DRENAJE_0918 FUNCIÓN "GRAVEDAD" VB #</Process><Process ToolSource="c:\program files (x86)\arcgis\desktop10.4\ArcToolbox\Toolboxes\Data Management Tools.tbx\CalculateField" Date="20180921" Time="051313">CalculateField A_DRENAJE_0918 N_SUB_SIST "COPACABANA" VB #</Process><Process ToolSource="c:\program files (x86)\arcgis\desktop10.4\ArcToolbox\Toolboxes\Data Management Tools.tbx\CalculateField" Date="20180921" Time="051517">CalculateField A_DRENAJE_0918 N_PTAR "PUENTE PIEDRA" VB #</Process><Process ToolSource="c:\program files (x86)\arcgis\desktop10.4\ArcToolbox\Toolboxes\Data Management Tools.tbx\CalculateField" Date="20180921" Time="051539">CalculateField A_DRENAJE_0918 N_ESTADO "EXISTENTE" VB #</Process><Process ToolSource="c:\program files (x86)\arcgis\desktop10.4\ArcToolbox\Toolboxes\Data Management Tools.tbx\CalculateField" Date="20180921" Time="051558">CalculateField A_DRENAJE_0918 N_COLECTOR "LAS PIEDRITAS" VB #</Process><Process ToolSource="c:\program files (x86)\arcgis\desktop10.4\ArcToolbox\Toolboxes\Data Management Tools.tbx\CalculateField" Date="20180921" Time="051619">CalculateField A_DRENAJE_0918 N_SISTEMA "PUENTE PIEDRA" VB #</Process><Process ToolSource="c:\program files (x86)\arcgis\desktop10.4\ArcToolbox\Toolboxes\Data Management Tools.tbx\CalculateField" Date="20180921" Time="051638">CalculateField A_DRENAJE_0918 FUNCIÓN "GRAVEDAD" VB #</Process><Process ToolSource="c:\program files (x86)\arcgis\desktop10.4\ArcToolbox\Toolboxes\Data Management Tools.tbx\CalculateField" Date="20180921" Time="051700">CalculateField A_DRENAJE_0918 N_SUB_SIST "COPACABANA" VB #</Process><Process ToolSource="c:\program files (x86)\arcgis\desktop10.4\ArcToolbox\Toolboxes\Data Management Tools.tbx\CalculateField" Date="20180921" Time="051839">CalculateField A_DRENAJE_0918 N_PTAR "PUENTE PIEDRA" VB #</Process><Process ToolSource="c:\program files (x86)\arcgis\desktop10.4\ArcToolbox\Toolboxes\Data Management Tools.tbx\CalculateField" Date="20180921" Time="051856">CalculateField A_DRENAJE_0918 N_ESTADO "EXISTENTE" VB #</Process><Process ToolSource="c:\program files (x86)\arcgis\desktop10.4\ArcToolbox\Toolboxes\Data Management Tools.tbx\CalculateField" Date="20180921" Time="051917">CalculateField A_DRENAJE_0918 N_COLECTOR "LOMAS" VB #</Process><Process ToolSource="c:\program files (x86)\arcgis\desktop10.4\ArcToolbox\Toolboxes\Data Management Tools.tbx\CalculateField" Date="20180921" Time="051934">CalculateField A_DRENAJE_0918 N_SISTEMA "PUENTE PIEDRA" VB #</Process><Process ToolSource="c:\program files (x86)\arcgis\desktop10.4\ArcToolbox\Toolboxes\Data Management Tools.tbx\CalculateField" Date="20180921" Time="051949">CalculateField A_DRENAJE_0918 FUNCIÓN "GRAVEDAD" VB #</Process><Process ToolSource="c:\program files (x86)\arcgis\desktop10.4\ArcToolbox\Toolboxes\Data Management Tools.tbx\CalculateField" Date="20180921" Time="052007">CalculateField A_DRENAJE_0918 N_SUB_SIST "COPACABANA" VB #</Process><Process ToolSource="c:\program files (x86)\arcgis\desktop10.6\ArcToolbox\Toolboxes\Data Management Tools.tbx\CalculateField" Date="20180921" Time="160621">CalculateField A_DRENAJE_0918 N_COLECTOR "COLECTOR 2" VB #</Process><Process ToolSource="c:\program files (x86)\arcgis\desktop10.6\ArcToolbox\Toolboxes\Data Management Tools.tbx\CalculateField" Date="20180921" Time="160645">CalculateField A_DRENAJE_0918 N_PTAR "PUENTE PIEDRA" VB #</Process><Process ToolSource="c:\program files (x86)\arcgis\desktop10.6\ArcToolbox\Toolboxes\Data Management Tools.tbx\CalculateField" Date="20180921" Time="160702">CalculateField A_DRENAJE_0918 N_ESTADO "EXISTENTE" VB #</Process><Process ToolSource="c:\program files (x86)\arcgis\desktop10.6\ArcToolbox\Toolboxes\Data Management Tools.tbx\CalculateField" Date="20180921" Time="160726">CalculateField A_DRENAJE_0918 N_SISTEMA "PUENTE PIEDRA" VB #</Process><Process ToolSource="c:\program files (x86)\arcgis\desktop10.6\ArcToolbox\Toolboxes\Data Management Tools.tbx\CalculateField" Date="20180921" Time="160752">CalculateField A_DRENAJE_0918 N_SUB_SIST "SOL DE CARABAYLLO" VB #</Process><Process ToolSource="c:\program files (x86)\arcgis\desktop10.6\ArcToolbox\Toolboxes\Data Management Tools.tbx\CalculateField" Date="20180921" Time="161443">CalculateField A_DRENAJE_0918 N_SUB_SIST "SOL DE CARABAYLLO" VB #</Process><Process ToolSource="c:\program files (x86)\arcgis\desktop10.4\ArcToolbox\Toolboxes\Data Management Tools.tbx\CalculateField" Date="20180923" Time="211854">CalculateField "A_DRENAJE_0918 selección" NOMBRE "SAN NICOLAS" VB #</Process><Process ToolSource="c:\program files (x86)\arcgis\desktop10.4\ArcToolbox\Toolboxes\Data Management Tools.tbx\CalculateField" Date="20180923" Time="212149">CalculateField "A_DRENAJE_0918 selección" N_COLECTOR "BERTELLO 1" VB #</Process><Process ToolSource="c:\program files (x86)\arcgis\desktop10.4\ArcToolbox\Toolboxes\Data Management Tools.tbx\CalculateField" Date="20180923" Time="212215">CalculateField "A_DRENAJE_0918 selección" NOMBRE "" VB #</Process><Process ToolSource="c:\program files (x86)\arcgis\desktop10.4\ArcToolbox\Toolboxes\Data Management Tools.tbx\CalculateField" Date="20180923" Time="212228">CalculateField "A_DRENAJE_0918 selección" N_COLECTOR "SAN NICOLAS" VB #</Process><Process ToolSource="c:\program files (x86)\arcgis\desktop10.4\ArcToolbox\Toolboxes\Data Management Tools.tbx\CalculateField" Date="20180923" Time="213238">CalculateField "A_DRENAJE_0918 selección" N_SUB_SIST "COMAS" VB #</Process><Process ToolSource="c:\program files (x86)\arcgis\desktop10.4\ArcToolbox\Toolboxes\Data Management Tools.tbx\CalculateField" Date="20180923" Time="213254">CalculateField "A_DRENAJE_0918 selección" N_COLECTOR "BERTELLO" VB #</Process><Process ToolSource="c:\program files (x86)\arcgis\desktop10.4\ArcToolbox\Toolboxes\Data Management Tools.tbx\CalculateField" Date="20180923" Time="213327">CalculateField "A_DRENAJE_0918 selección" N_SUB_SIST "COMAS" VB #</Process><Process ToolSource="c:\program files (x86)\arcgis\desktop10.4\ArcToolbox\Toolboxes\Data Management Tools.tbx\CalculateField" Date="20180923" Time="213341">CalculateField "A_DRENAJE_0918 selección" N_COLECTOR "N° 6" VB #</Process><Process ToolSource="c:\program files (x86)\arcgis\desktop10.4\ArcToolbox\Toolboxes\Data Management Tools.tbx\CalculateField" Date="20180923" Time="213405">CalculateField "A_DRENAJE_0918 selección" N_COLECTOR "N° 6A" VB #</Process><Process ToolSource="c:\program files (x86)\arcgis\desktop10.4\ArcToolbox\Toolboxes\Data Management Tools.tbx\CalculateField" Date="20180923" Time="213754">CalculateField "A_DRENAJE_0918 selección" N_SUB_SIST "COMAS" VB #</Process><Process ToolSource="c:\program files (x86)\arcgis\desktop10.4\ArcToolbox\Toolboxes\Data Management Tools.tbx\CalculateField" Date="20180923" Time="213809">CalculateField "A_DRENAJE_0918 selección" N_COLECTOR "PALAO" VB #</Process><Process ToolSource="c:\program files (x86)\arcgis\desktop10.6\ArcToolbox\Toolboxes\Data Management Tools.tbx\CalculateField" Date="20180924" Time="140138">CalculateField A_DRENAJE_0918 N_PTAR "TABOADA" VB #</Process><Process ToolSource="c:\program files (x86)\arcgis\desktop10.6\ArcToolbox\Toolboxes\Data Management Tools.tbx\CalculateField" Date="20180924" Time="140206">CalculateField A_DRENAJE_0918 N_PTAR "PUENTE PIEDRA" VB #</Process><Process ToolSource="c:\program files (x86)\arcgis\desktop10.6\ArcToolbox\Toolboxes\Data Management Tools.tbx\CalculateField" Date="20180924" Time="140455">CalculateField A_DRENAJE_0918 N_PTAR "TABOADA" VB #</Process><Process ToolSource="c:\program files (x86)\arcgis\desktop10.6\ArcToolbox\Toolboxes\Data Management Tools.tbx\CalculateField" Date="20180924" Time="141039">CalculateField A_DRENAJE_0918 N_PTAR "TABOADA" VB #</Process><Process ToolSource="c:\program files (x86)\arcgis\desktop10.6\ArcToolbox\Toolboxes\Data Management Tools.tbx\CalculateField" Date="20180924" Time="141321">CalculateField A_DRENAJE_0918 N_PTAR "TABOADA" VB #</Process><Process ToolSource="c:\program files (x86)\arcgis\desktop10.6\ArcToolbox\Toolboxes\Data Management Tools.tbx\CalculateField" Date="20180924" Time="141404">CalculateField A_DRENAJE_0918 N_PTAR "TABOADA" VB #</Process><Process ToolSource="c:\program files (x86)\arcgis\desktop10.6\ArcToolbox\Toolboxes\Data Management Tools.tbx\CalculateField" Date="20181003" Time="095244">CalculateField "Área de drenaje Existente  selection" FUNCIÓN "GRAVEDAD Y REBOMBEO" VB #</Process><Process ToolSource="c:\program files (x86)\arcgis\desktop10.6\ArcToolbox\Toolboxes\Data Management Tools.tbx\CalculateField" Date="20181003" Time="095327">CalculateField "Área de drenaje Existente  selection" FUNCIÓN "GRAVEDAD" VB #</Process><Process ToolSource="c:\program files (x86)\arcgis\desktop10.6\ArcToolbox\Toolboxes\Data Management Tools.tbx\CalculateField" Date="20181016" Time="155328">CalculateField A_DRENAJE_2018 N_PTAR "AL RIO" VB #</Process><Process ToolSource="c:\program files (x86)\arcgis\desktop10.6\ArcToolbox\Toolboxes\Data Management Tools.tbx\CalculateField" Date="20181018" Time="140253">CalculateField A_DRENAJE_2018 N_SISTEMA "INTERCEPTOR NORTE" VB #</Process><Process ToolSource="c:\program files (x86)\arcgis\desktop10.6\ArcToolbox\Toolboxes\Data Management Tools.tbx\CalculateField" Date="20181022" Time="140745">CalculateField "A_DRENAJE_2018 selection selection" N_COLECTOR "CENTENARIO" VB #</Process><Process ToolSource="c:\program files (x86)\arcgis\desktop10.6\ArcToolbox\Toolboxes\Data Management Tools.tbx\CalculateField" Date="20181022" Time="140801">CalculateField "A_DRENAJE_2018 selection selection" N_SISTEMA "CENTENARIO" VB #</Process><Process ToolSource="c:\program files (x86)\arcgis\desktop10.6\ArcToolbox\Toolboxes\Data Management Tools.tbx\CalculateField" Date="20181022" Time="141313">CalculateField "A_DRENAJE_2018 selection selection" N_COLECTOR "NESTOR GAMBETA" VB #</Process><Process ToolSource="c:\program files (x86)\arcgis\desktop10.6\ArcToolbox\Toolboxes\Data Management Tools.tbx\CalculateField" Date="20181022" Time="142404">CalculateField "A_DRENAJE_2018 selection selection" N_COLECTOR "NESTOR GAMBETA" VB #</Process><Process ToolSource="c:\program files (x86)\arcgis\desktop10.6\ArcToolbox\Toolboxes\Data Management Tools.tbx\CalculateField" Date="20181022" Time="143033">CalculateField "A_DRENAJE_2018 selection selection" N_COLECTOR "LA PUNTA" VB #</Process><Process ToolSource="c:\program files (x86)\arcgis\desktop10.6\ArcToolbox\Toolboxes\Data Management Tools.tbx\CalculateField" Date="20181022" Time="144907">CalculateField "A_DRENAJE_2018 selection selection" N_COLECTOR "BUENOS AIRES" VB #</Process><Process ToolSource="c:\program files (x86)\arcgis\desktop10.6\ArcToolbox\Toolboxes\Data Management Tools.tbx\CalculateField" Date="20181022" Time="144920">CalculateField "A_DRENAJE_2018 selection selection" N_COLECTOR "BUENOS AIRES" VB #</Process><Process ToolSource="c:\program files (x86)\arcgis\desktop10.6\ArcToolbox\Toolboxes\Data Management Tools.tbx\CalculateField" Date="20181022" Time="145213">CalculateField "A_DRENAJE_2018 selection selection" N_COLECTOR "ARICA" VB #</Process><Process ToolSource="c:\program files (x86)\arcgis\desktop10.6\ArcToolbox\Toolboxes\Data Management Tools.tbx\CalculateField" Date="20181022" Time="145644">CalculateField "A_DRENAJE_2018 selection selection" N_COLECTOR "MARANGA" VB #</Process><Process ToolSource="c:\program files (x86)\arcgis\desktop10.6\ArcToolbox\Toolboxes\Data Management Tools.tbx\CalculateField" Date="20181022" Time="151636">CalculateField "A_DRENAJE_2018 selection selection" N_COLECTOR "HUASCAR" VB #</Process><Process ToolSource="c:\program files (x86)\arcgis\desktop10.6\ArcToolbox\Toolboxes\Data Management Tools.tbx\CalculateField" Date="20181022" Time="151720">CalculateField "A_DRENAJE_2018 selection selection" N_COLECTOR "GUARDIA CHALACA" VB #</Process><Process ToolSource="c:\program files (x86)\arcgis\desktop10.6\ArcToolbox\Toolboxes\Data Management Tools.tbx\CalculateField" Date="20181022" Time="151850">CalculateField A_DRENAJE_2018 N_COLECTOR "MARANGA" VB #</Process><Process ToolSource="c:\program files (x86)\arcgis\desktop10.6\ArcToolbox\Toolboxes\Data Management Tools.tbx\CalculateField" Date="20181022" Time="153800">CalculateField "A_DRENAJE_2018 selection selection" N_SISTEMA "COMAS - CHILLON" VB #</Process><Process ToolSource="c:\program files (x86)\arcgis\desktop10.6\ArcToolbox\Toolboxes\Data Management Tools.tbx\CalculateField" Date="20181024" Time="101545">CalculateField "Área de Drenaje Existente" N_COLECTOR "CENTENARIO" VB #</Process><Process ToolSource="c:\program files (x86)\arcgis\desktop10.6\ArcToolbox\Toolboxes\Data Management Tools.tbx\CalculateField" Date="20181024" Time="103625">CalculateField A_DRENAJE_2018 N_SUB_SIST "N° 6" VB #</Process><Process ToolSource="c:\program files (x86)\arcgis\desktop10.6\ArcToolbox\Toolboxes\Data Management Tools.tbx\CalculateField" Date="20181025" Time="083847">CalculateField A_DRENAJE_2018 N_SUB_SIST "N° 6" VB #</Process><Process ToolSource="c:\program files (x86)\arcgis\desktop10.6\ArcToolbox\Toolboxes\Data Management Tools.tbx\CalculateField" Date="20181025" Time="084955">CalculateField A_DRENAJE_2018 N_SISTEMA "CENTENARIO" VB #</Process><Process ToolSource="c:\program files (x86)\arcgis\desktop10.6\ArcToolbox\Toolboxes\Data Management Tools.tbx\CalculateField" Date="20181029" Time="095639">CalculateField A_DRENAJE_2018 N_SISTEMA "COMAS - CHILLON" VB #</Process><Process ToolSource="c:\program files (x86)\arcgis\desktop10.6\ArcToolbox\Toolboxes\Data Management Tools.tbx\CalculateField" Date="20181029" Time="095745">CalculateField A_DRENAJE_2018 N_SISTEMA "REDES SECUNDARIAS-AL RIO" VB #</Process><Process ToolSource="c:\program files (x86)\arcgis\desktop10.6\ArcToolbox\Toolboxes\Data Management Tools.tbx\CalculateField" Date="20181029" Time="100109">CalculateField A_DRENAJE_2018 N_SISTEMA "REDES SECUNDARIAS-AL MAR" VB #</Process><Process ToolSource="c:\program files (x86)\arcgis\desktop10.6\ArcToolbox\Toolboxes\Data Management Tools.tbx\CalculateField" Date="20181029" Time="101404">CalculateField A_DRENAJE_2018 N_PTAR "SAN BARTOLO" VB #</Process><Process ToolSource="c:\program files (x86)\arcgis\desktop10.6\ArcToolbox\Toolboxes\Data Management Tools.tbx\CalculateField" Date="20181029" Time="101506">CalculateField A_DRENAJE_2018 N_COLECTOR "REDES SECUNDARIAS-SAN BARTOLO" VB #</Process><Process ToolSource="c:\program files (x86)\arcgis\desktop10.6\ArcToolbox\Toolboxes\Data Management Tools.tbx\CalculateField" Date="20181029" Time="101517">CalculateField A_DRENAJE_2018 N_SISTEMA "REDES SECUNDARIAS-SAN BARTOLO" VB #</Process><Process ToolSource="c:\program files (x86)\arcgis\desktop10.6\ArcToolbox\Toolboxes\Data Management Tools.tbx\CalculateField" Date="20181031" Time="094516">CalculateField A_DRENAJE_2018 N_SISTEMA "JOSE GALVEZ" VB #</Process><Process ToolSource="c:\program files (x86)\arcgis\desktop10.6\ArcToolbox\Toolboxes\Data Management Tools.tbx\CalculateField" Date="20181031" Time="094540">CalculateField A_DRENAJE_2018 N_COLECTOR "JOSE GALVEZ" VB #</Process><Process ToolSource="c:\program files (x86)\arcgis\desktop10.6\ArcToolbox\Toolboxes\Data Management Tools.tbx\CalculateField" Date="20181031" Time="104907">CalculateField A_DRENAJE_2018 N_SISTEMA "CIRCUNVALACION" VB #</Process><Process ToolSource="c:\program files (x86)\arcgis\desktop10.6\ArcToolbox\Toolboxes\Data Management Tools.tbx\CalculateField" Date="20181031" Time="114223">CalculateField A_DRENAJE_2018 N_SISTEMA "CIRCUNVALACION" VB #</Process><Process ToolSource="c:\program files (x86)\arcgis\desktop10.6\ArcToolbox\Toolboxes\Data Management Tools.tbx\CalculateField" Date="20181031" Time="114229">CalculateField A_DRENAJE_2018 N_COLECTOR "CIRCUNVALACION" VB #</Process><Process ToolSource="c:\program files (x86)\arcgis\desktop10.6\ArcToolbox\Toolboxes\Data Management Tools.tbx\CalculateField" Date="20181031" Time="120231">CalculateField A_DRENAJE_2018 N_COLECTOR "REDES SECUNDARIAS-VILLA EL SALVADOR" VB #</Process><Process ToolSource="c:\program files (x86)\arcgis\desktop10.6\ArcToolbox\Toolboxes\Data Management Tools.tbx\CalculateField" Date="20181106" Time="154628">CalculateField A_DRENAJE_2018 N_SISTEMA "PACHACUTEC" VB #</Process><Process ToolSource="c:\program files (x86)\arcgis\desktop10.6\ArcToolbox\Toolboxes\Data Management Tools.tbx\CalculateField" Date="20181106" Time="155201">CalculateField A_DRENAJE_2018 N_SISTEMA "REDES SECUNDARIAS-SANTA ROSA" VB #</Process><Process ToolSource="c:\program files (x86)\arcgis\desktop10.6\ArcToolbox\Toolboxes\Data Management Tools.tbx\CalculateField" Date="20181106" Time="172153">CalculateField A_DRENAJE_2018 N_SISTEMA "ANCON" VB #</Process><Process ToolSource="c:\program files (x86)\arcgis\desktop10.6\ArcToolbox\Toolboxes\Data Management Tools.tbx\CalculateField" Date="20181106" Time="172623">CalculateField A_DRENAJE_2018 N_SISTEMA "VENTANILLA" VB #</Process><Process ToolSource="c:\program files (x86)\arcgis\desktop10.6\ArcToolbox\Toolboxes\Data Management Tools.tbx\CalculateField" Date="20181106" Time="172639">CalculateField A_DRENAJE_2018 N_SISTEMA "PACHACUTEC" VB #</Process><Process ToolSource="c:\program files (x86)\arcgis\desktop10.6\ArcToolbox\Toolboxes\Data Management Tools.tbx\CalculateField" Date="20181106" Time="172809">CalculateField A_DRENAJE_2018 N_SISTEMA "PUENTE PIEDRA" VB #</Process><Process ToolSource="c:\program files (x86)\arcgis\desktop10.6\ArcToolbox\Toolboxes\Data Management Tools.tbx\CalculateField" Date="20181106" Time="173932">CalculateField A_DRENAJE_2018 N_SISTEMA "COMAS-CHILLON" VB #</Process><Process ToolSource="c:\program files (x86)\arcgis\desktop10.6\ArcToolbox\Toolboxes\Data Management Tools.tbx\CalculateField" Date="20181113" Time="142258">CalculateField A_DRENAJE_2018 N_SISTEMA "VILLA MARIA" VB #</Process><Process ToolSource="c:\program files (x86)\arcgis\desktop10.6\ArcToolbox\Toolboxes\Data Management Tools.tbx\CalculateField" Date="20181113" Time="152117">CalculateField A_DRENAJE_2018 N_SISTEMA "N° 6" VB #</Process><Process ToolSource="c:\program files (x86)\arcgis\desktop10.6\ArcToolbox\Toolboxes\Data Management Tools.tbx\CalculateField" Date="20181113" Time="152944">CalculateField A_DRENAJE_2018 N_SISTEMA "LA ATARJEA" VB #</Process><Process ToolSource="c:\program files (x86)\arcgis\desktop10.6\ArcToolbox\Toolboxes\Data Management Tools.tbx\CalculateField" Date="20181113" Time="153149">CalculateField A_DRENAJE_2018 N_SISTEMA "MANCHAY" VB #</Process><Process ToolSource="c:\program files (x86)\arcgis\desktop10.6\ArcToolbox\Toolboxes\Data Management Tools.tbx\CalculateField" Date="20181113" Time="153446">CalculateField A_DRENAJE_2018 N_SISTEMA "LURIN" VB #</Process><Process ToolSource="c:\program files (x86)\arcgis\desktop10.6\ArcToolbox\Toolboxes\Data Management Tools.tbx\CalculateField" Date="20181113" Time="161205">CalculateField A_DRENAJE_2018 N_SISTEMA "CIRCUNVALACION" VB #</Process><Process ToolSource="c:\program files (x86)\arcgis\desktop10.6\ArcToolbox\Toolboxes\Data Management Tools.tbx\CalculateField" Date="20181113" Time="161623">CalculateField A_DRENAJE_2018 N_SISTEMA "REDES SECUNDARIAS-HUASCAR" VB #</Process><Process ToolSource="c:\program files (x86)\arcgis\desktop10.6\ArcToolbox\Toolboxes\Data Management Tools.tbx\CalculateField" Date="20181113" Time="162442">CalculateField A_DRENAJE_2018 N_COLECTOR "REDES SECUNDARIAS-HUASCAR" VB #</Process><Process ToolSource="c:\program files (x86)\arcgis\desktop10.6\ArcToolbox\Toolboxes\Data Management Tools.tbx\CalculateField" Date="20181113" Time="163053">CalculateField A_DRENAJE_2018 N_SISTEMA "COMAS - CHILLON" VB #</Process><Process ToolSource="c:\program files (x86)\arcgis\desktop10.6\ArcToolbox\Toolboxes\Data Management Tools.tbx\CalculateField" Date="20181113" Time="163109">CalculateField A_DRENAJE_2018 N_COLECTOR "CHILLON" VB #</Process><Process ToolSource="c:\program files (x86)\arcgis\desktop10.6\ArcToolbox\Toolboxes\Data Management Tools.tbx\CalculateField" Date="20181113" Time="170917">CalculateField A_DRENAJE_2018 N_SISTEMA "COMAS - CHILLON" VB #</Process><Process ToolSource="c:\program files (x86)\arcgis\desktop10.6\ArcToolbox\Toolboxes\Data Management Tools.tbx\CalculateField" Date="20181113" Time="170933">CalculateField A_DRENAJE_2018 N_COLECTOR "CHILLON" VB #</Process><Process ToolSource="c:\program files (x86)\arcgis\desktop10.6\ArcToolbox\Toolboxes\Data Management Tools.tbx\CalculateField" Date="20181113" Time="171424">CalculateField A_DRENAJE_2018 N_SISTEMA "ATARJEA" VB #</Process><Process ToolSource="c:\program files (x86)\arcgis\desktop10.6\ArcToolbox\Toolboxes\Data Management Tools.tbx\CalculateField" Date="20181113" Time="171429">CalculateField A_DRENAJE_2018 N_COLECTOR "ATARJEA" VB #</Process><Process ToolSource="c:\program files (x86)\arcgis\desktop10.6\ArcToolbox\Toolboxes\Data Management Tools.tbx\CalculateField" Date="20181113" Time="171820">CalculateField A_DRENAJE_2018 N_SISTEMA "SAN ANTONIO DE CARAPONGO" VB #</Process><Process ToolSource="c:\program files (x86)\arcgis\desktop10.6\ArcToolbox\Toolboxes\Data Management Tools.tbx\CalculateField" Date="20181113" Time="171855">CalculateField A_DRENAJE_2018 N_SISTEMA "CARAPONGO" VB #</Process><Process ToolSource="c:\program files (x86)\arcgis\desktop10.6\ArcToolbox\Toolboxes\Data Management Tools.tbx\CalculateField" Date="20181113" Time="171935">CalculateField A_DRENAJE_2018 N_SISTEMA "CIENEGUILLA" VB #</Process><Process ToolSource="c:\program files (x86)\arcgis\desktop10.6\ArcToolbox\Toolboxes\Data Management Tools.tbx\CalculateField" Date="20181113" Time="172004">CalculateField A_DRENAJE_2018 N_SISTEMA "MANCHAY" VB #</Process><Process ToolSource="c:\program files (x86)\arcgis\desktop10.6\ArcToolbox\Toolboxes\Data Management Tools.tbx\CalculateField" Date="20181113" Time="172026">CalculateField A_DRENAJE_2018 N_SISTEMA "CIRCUNVALACION" VB #</Process><Process ToolSource="c:\program files (x86)\arcgis\desktop10.6\ArcToolbox\Toolboxes\Data Management Tools.tbx\CalculateField" Date="20181113" Time="172221">CalculateField A_DRENAJE_2018 N_SISTEMA "CIRCUNVALACION" VB #</Process><Process ToolSource="c:\program files (x86)\arcgis\desktop10.6\ArcToolbox\Toolboxes\Data Management Tools.tbx\CalculateField" Date="20181113" Time="172230">CalculateField A_DRENAJE_2018 N_SISTEMA "CIRCUNVALACION" VB #</Process><Process ToolSource="c:\program files (x86)\arcgis\desktop10.6\ArcToolbox\Toolboxes\Data Management Tools.tbx\CalculateField" Date="20181114" Time="081915">CalculateField A_DRENAJE_2018 N_PTAR "PROVISUR" VB #</Process><Process ToolSource="c:\program files (x86)\arcgis\desktop10.6\ArcToolbox\Toolboxes\Data Management Tools.tbx\CalculateField" Date="20181114" Time="081936">CalculateField A_DRENAJE_2018 N_SISTEMA "PROVISUR" VB #</Process><Process ToolSource="c:\program files (x86)\arcgis\desktop10.6\ArcToolbox\Toolboxes\Data Management Tools.tbx\CalculateField" Date="20181114" Time="082014">CalculateField A_DRENAJE_2018 N_SISTEMA "PUCUSANA" VB #</Process><Process ToolSource="c:\program files (x86)\arcgis\desktop10.6\ArcToolbox\Toolboxes\Data Management Tools.tbx\CalculateField" Date="20181114" Time="082110">CalculateField A_DRENAJE_2018 N_SISTEMA "PUENTE PIEDRA" VB #</Process><Process ToolSource="c:\program files (x86)\arcgis\desktop10.6\ArcToolbox\Toolboxes\Data Management Tools.tbx\CalculateField" Date="20181114" Time="082421">CalculateField A_DRENAJE_2018 N_SISTEMA "COMAS-CHILLON" VB #</Process><Process ToolSource="c:\program files (x86)\arcgis\desktop10.6\ArcToolbox\Toolboxes\Data Management Tools.tbx\CalculateField" Date="20181114" Time="082447">CalculateField A_DRENAJE_2018 N_SISTEMA "COMAS-CHILLON" VB #</Process><Process ToolSource="c:\program files (x86)\arcgis\desktop10.6\ArcToolbox\Toolboxes\Data Management Tools.tbx\CalculateField" Date="20181114" Time="082518">CalculateField A_DRENAJE_2018 N_SISTEMA "N° 6" VB #</Process><Process ToolSource="c:\program files (x86)\arcgis\desktop10.6\ArcToolbox\Toolboxes\Data Management Tools.tbx\CalculateField" Date="20181114" Time="083834">CalculateField A_DRENAJE_2018 N_SISTEMA "MORALES DUAREZ" VB #</Process><Process ToolSource="c:\program files (x86)\arcgis\desktop10.6\ArcToolbox\Toolboxes\Data Management Tools.tbx\CalculateField" Date="20181114" Time="083838">CalculateField A_DRENAJE_2018 N_COLECTOR "MORALES DUAREZ" VB #</Process><Process ToolSource="c:\program files (x86)\arcgis\desktop10.6\ArcToolbox\Toolboxes\Data Management Tools.tbx\CalculateField" Date="20181114" Time="083951">CalculateField A_DRENAJE_2018 N_SISTEMA "SURCO" VB #</Process><Process ToolSource="c:\program files (x86)\arcgis\desktop10.6\ArcToolbox\Toolboxes\Data Management Tools.tbx\CalculateField" Date="20181114" Time="084544">CalculateField A_DRENAJE_2018 N_COLECTOR "SURCO" VB #</Process><Process ToolSource="c:\program files (x86)\arcgis\desktop10.6\ArcToolbox\Toolboxes\Data Management Tools.tbx\CalculateField" Date="20181114" Time="085309">CalculateField A_DRENAJE_2018 N_SISTEMA "MORALES DUAREZ" VB #</Process><Process ToolSource="c:\program files (x86)\arcgis\desktop10.6\ArcToolbox\Toolboxes\Data Management Tools.tbx\CalculateField" Date="20181114" Time="085314">CalculateField A_DRENAJE_2018 N_COLECTOR "MORALES DUAREZ" VB #</Process><Process ToolSource="c:\program files (x86)\arcgis\desktop10.6\ArcToolbox\Toolboxes\Data Management Tools.tbx\CalculateField" Date="20181114" Time="085720">CalculateField A_DRENAJE_2018 N_SISTEMA "SURCO" VB #</Process><Process ToolSource="c:\program files (x86)\arcgis\desktop10.6\ArcToolbox\Toolboxes\Data Management Tools.tbx\CalculateField" Date="20181114" Time="085726">CalculateField A_DRENAJE_2018 N_COLECTOR "SURCO" VB #</Process><Process ToolSource="c:\program files (x86)\arcgis\desktop10.6\ArcToolbox\Toolboxes\Data Management Tools.tbx\CalculateField" Date="20181114" Time="085928">CalculateField A_DRENAJE_2018 N_SISTEMA "SURCO" VB #</Process><Process ToolSource="c:\program files (x86)\arcgis\desktop10.6\ArcToolbox\Toolboxes\Data Management Tools.tbx\CalculateField" Date="20181114" Time="085933">CalculateField A_DRENAJE_2018 N_COLECTOR "SURCO" VB #</Process><Process ToolSource="c:\program files (x86)\arcgis\desktop10.6\ArcToolbox\Toolboxes\Data Management Tools.tbx\CalculateField" Date="20181114" Time="085957">CalculateField A_DRENAJE_2018 N_SISTEMA "MORALES DUAREZ" VB #</Process><Process ToolSource="c:\program files (x86)\arcgis\desktop10.6\ArcToolbox\Toolboxes\Data Management Tools.tbx\CalculateField" Date="20181114" Time="091009">CalculateField A_DRENAJE_2018 N_SISTEMA "CIRCUNVALACION" VB #</Process><Process ToolSource="c:\program files (x86)\arcgis\desktop10.6\ArcToolbox\Toolboxes\Data Management Tools.tbx\CalculateField" Date="20181114" Time="091036">CalculateField A_DRENAJE_2018 N_COLECTOR "NUEVO GENERAL VILLA" VB #</Process><Process ToolSource="c:\program files (x86)\arcgis\desktop10.6\ArcToolbox\Toolboxes\Data Management Tools.tbx\CalculateField" Date="20181114" Time="094319">CalculateField A_DRENAJE_2018 N_SISTEMA "VILLA EL SALVADOR" VB #</Process><Process ToolSource="c:\program files (x86)\arcgis\desktop10.6\ArcToolbox\Toolboxes\Data Management Tools.tbx\CalculateField" Date="20181114" Time="094352">CalculateField A_DRENAJE_2018 N_SISTEMA "200 MILLAS" VB #</Process><Process ToolSource="c:\program files (x86)\arcgis\desktop10.6\ArcToolbox\Toolboxes\Data Management Tools.tbx\CalculateField" Date="20181114" Time="094400">CalculateField A_DRENAJE_2018 N_COLECTOR "200 MILLAS" VB #</Process><Process ToolSource="c:\program files (x86)\arcgis\desktop10.6\ArcToolbox\Toolboxes\Data Management Tools.tbx\CalculateField" Date="20181114" Time="100307">CalculateField A_DRENAJE_2018 N_SISTEMA "SURCO" VB #</Process><Process ToolSource="c:\program files (x86)\arcgis\desktop10.6\ArcToolbox\Toolboxes\Data Management Tools.tbx\CalculateField" Date="20181114" Time="100318">CalculateField A_DRENAJE_2018 N_COLECTOR "SURCO" VB #</Process><Process ToolSource="c:\program files (x86)\arcgis\desktop10.6\ArcToolbox\Toolboxes\Data Management Tools.tbx\CalculateField" Date="20181114" Time="100838">CalculateField A_DRENAJE_2018 N_SISTEMA "SURCO" VB #</Process><Process ToolSource="c:\program files (x86)\arcgis\desktop10.6\ArcToolbox\Toolboxes\Data Management Tools.tbx\CalculateField" Date="20181114" Time="100846">CalculateField A_DRENAJE_2018 N_COLECTOR "SURCO" VB #</Process><Process ToolSource="c:\program files (x86)\arcgis\desktop10.6\ArcToolbox\Toolboxes\Data Management Tools.tbx\CalculateField" Date="20181114" Time="101018">CalculateField A_DRENAJE_2018 N_COLECTOR "CHILLON" VB #</Process><Process ToolSource="c:\program files (x86)\arcgis\desktop10.6\ArcToolbox\Toolboxes\Data Management Tools.tbx\CalculateField" Date="20181114" Time="101036">CalculateField A_DRENAJE_2018 N_SISTEMA "COMAS - CHILLON" VB #</Process><Process ToolSource="c:\program files (x86)\arcgis\desktop10.6\ArcToolbox\Toolboxes\Data Management Tools.tbx\CalculateField" Date="20181114" Time="101405">CalculateField A_DRENAJE_2018 N_SISTEMA "SAN JUAN" VB #</Process><Process ToolSource="c:\program files (x86)\arcgis\desktop10.6\ArcToolbox\Toolboxes\Data Management Tools.tbx\CalculateField" Date="20181114" Time="101634">CalculateField A_DRENAJE_2018 N_COLECTOR "LA ATARJEA" VB #</Process><Process ToolSource="c:\program files (x86)\arcgis\desktop10.6\ArcToolbox\Toolboxes\Data Management Tools.tbx\CalculateField" Date="20181114" Time="101851">CalculateField A_DRENAJE_2018 N_SISTEMA "SAN JUAN" VB #</Process><Process ToolSource="c:\program files (x86)\arcgis\desktop10.6\ArcToolbox\Toolboxes\Data Management Tools.tbx\CalculateField" Date="20181114" Time="101929">CalculateField A_DRENAJE_2018 N_SISTEMA "CIRCUNVALACION" VB #</Process><Process ToolSource="c:\program files (x86)\arcgis\desktop10.6\ArcToolbox\Toolboxes\Data Management Tools.tbx\CalculateField" Date="20181114" Time="102316">CalculateField A_DRENAJE_2018 N_SISTEMA "SURCO" VB #</Process><Process ToolSource="c:\program files (x86)\arcgis\desktop10.6\ArcToolbox\Toolboxes\Data Management Tools.tbx\CalculateField" Date="20181114" Time="102547">CalculateField A_DRENAJE_2018 N_SISTEMA "JOSE GALVEZ" VB #</Process><Process ToolSource="c:\program files (x86)\arcgis\desktop10.6\ArcToolbox\Toolboxes\Data Management Tools.tbx\CalculateField" Date="20181114" Time="102559">CalculateField A_DRENAJE_2018 N_COLECTOR "REDES SECUNDARIAS-JOSE GALVEZ" VB #</Process><Process ToolSource="c:\program files (x86)\arcgis\desktop10.6\ArcToolbox\Toolboxes\Data Management Tools.tbx\CalculateField" Date="20181114" Time="103633">CalculateField A_DRENAJE_2018 N_COLECTOR "ANCON" VB #</Process><Process ToolSource="c:\program files (x86)\arcgis\desktop10.6\ArcToolbox\Toolboxes\Data Management Tools.tbx\CalculateField" Date="20181114" Time="103707">CalculateField A_DRENAJE_2018 N_COLECTOR "PIEDRAS GORDAS" VB #</Process><Process ToolSource="c:\program files (x86)\arcgis\desktop10.6\ArcToolbox\Toolboxes\Data Management Tools.tbx\CalculateField" Date="20181114" Time="103731">CalculateField A_DRENAJE_2018 N_COLECTOR "REDES SECUNDARIAS-SANTA ROSA" VB #</Process><Process ToolSource="c:\program files (x86)\arcgis\desktop10.6\ArcToolbox\Toolboxes\Data Management Tools.tbx\CalculateField" Date="20181114" Time="103802">CalculateField A_DRENAJE_2018 N_COLECTOR "REDES SECUNDARIAS-SANTA ROSA" VB #</Process><Process ToolSource="c:\program files (x86)\arcgis\desktop10.6\ArcToolbox\Toolboxes\Data Management Tools.tbx\CalculateField" Date="20181114" Time="103931">CalculateField A_DRENAJE_2018 N_COLECTOR "PUENTE PIEDRA" VB #</Process><Process ToolSource="c:\program files (x86)\arcgis\desktop10.6\ArcToolbox\Toolboxes\Data Management Tools.tbx\CalculateField" Date="20181114" Time="104951">CalculateField A_DRENAJE_2018 N_COLECTOR "VILLAMOTO" VB #</Process><Process ToolSource="c:\program files (x86)\arcgis\desktop10.6\ArcToolbox\Toolboxes\Data Management Tools.tbx\CalculateField" Date="20181114" Time="105020">CalculateField A_DRENAJE_2018 N_COLECTOR "VENTANILLA" VB #</Process><Process ToolSource="c:\program files (x86)\arcgis\desktop10.6\ArcToolbox\Toolboxes\Data Management Tools.tbx\CalculateField" Date="20181114" Time="105027">CalculateField A_DRENAJE_2018 N_COLECTOR "VENTANILLA" VB #</Process><Process ToolSource="c:\program files (x86)\arcgis\desktop10.6\ArcToolbox\Toolboxes\Data Management Tools.tbx\CalculateField" Date="20181114" Time="105043">CalculateField A_DRENAJE_2018 N_COLECTOR "OQUENDO" VB #</Process><Process ToolSource="c:\program files (x86)\arcgis\desktop10.6\ArcToolbox\Toolboxes\Data Management Tools.tbx\CalculateField" Date="20181114" Time="105106">CalculateField A_DRENAJE_2018 N_COLECTOR "PUENTE PIEDRA" VB #</Process><Process ToolSource="c:\program files (x86)\arcgis\desktop10.6\ArcToolbox\Toolboxes\Data Management Tools.tbx\CalculateField" Date="20181114" Time="105135">CalculateField A_DRENAJE_2018 N_COLECTOR "LA VICTORIA" VB #</Process><Process ToolSource="c:\program files (x86)\arcgis\desktop10.6\ArcToolbox\Toolboxes\Data Management Tools.tbx\CalculateField" Date="20181114" Time="105613">CalculateField A_DRENAJE_2018 N_COLECTOR "PUENTE PIEDRA" VB #</Process><Process ToolSource="c:\program files (x86)\arcgis\desktop10.6\ArcToolbox\Toolboxes\Data Management Tools.tbx\CalculateField" Date="20181114" Time="105810">CalculateField A_DRENAJE_2018 N_COLECTOR "HABICH" VB #</Process><Process ToolSource="c:\program files (x86)\arcgis\desktop10.6\ArcToolbox\Toolboxes\Data Management Tools.tbx\CalculateField" Date="20181114" Time="113512">CalculateField A_DRENAJE_2018 N_COLECTOR "LA MOLINA" VB #</Process><Process ToolSource="c:\program files (x86)\arcgis\desktop10.6\ArcToolbox\Toolboxes\Data Management Tools.tbx\CalculateField" Date="20181114" Time="113526">CalculateField A_DRENAJE_2018 N_COLECTOR "LA MOLINA" VB #</Process><Process ToolSource="c:\program files (x86)\arcgis\desktop10.6\ArcToolbox\Toolboxes\Data Management Tools.tbx\CalculateField" Date="20181114" Time="113534">CalculateField A_DRENAJE_2018 N_COLECTOR "LA MOLINA" VB #</Process><Process ToolSource="c:\program files (x86)\arcgis\desktop10.6\ArcToolbox\Toolboxes\Data Management Tools.tbx\CalculateField" Date="20181114" Time="113607">CalculateField A_DRENAJE_2018 N_COLECTOR "CIENECUILLA" VB #</Process><Process ToolSource="c:\program files (x86)\arcgis\desktop10.6\ArcToolbox\Toolboxes\Data Management Tools.tbx\CalculateField" Date="20181114" Time="113633">CalculateField A_DRENAJE_2018 N_COLECTOR "LA MOLINA" VB #</Process><Process ToolSource="c:\program files (x86)\arcgis\desktop10.6\ArcToolbox\Toolboxes\Data Management Tools.tbx\CalculateField" Date="20181114" Time="113706">CalculateField A_DRENAJE_2018 N_COLECTOR "MANCHAY" VB #</Process><Process ToolSource="c:\program files (x86)\arcgis\desktop10.6\ArcToolbox\Toolboxes\Data Management Tools.tbx\CalculateField" Date="20181114" Time="113839">CalculateField A_DRENAJE_2018 N_SISTEMA "CHOSICA" VB #</Process><Process ToolSource="c:\program files (x86)\arcgis\desktop10.6\ArcToolbox\Toolboxes\Data Management Tools.tbx\CalculateField" Date="20181114" Time="113847">CalculateField A_DRENAJE_2018 N_COLECTOR "CHOSICA" VB #</Process><Process ToolSource="c:\program files (x86)\arcgis\desktop10.6\ArcToolbox\Toolboxes\Data Management Tools.tbx\CalculateField" Date="20181114" Time="114038">CalculateField A_DRENAJE_2018 N_COLECTOR "LURIN" VB #</Process><Process ToolSource="c:\program files (x86)\arcgis\desktop10.6\ArcToolbox\Toolboxes\Data Management Tools.tbx\CalculateField" Date="20181114" Time="114215">CalculateField A_DRENAJE_2018 N_COLECTOR "PROVISUR" VB #</Process><Process ToolSource="c:\program files (x86)\arcgis\desktop10.6\ArcToolbox\Toolboxes\Data Management Tools.tbx\CalculateField" Date="20181114" Time="114311">CalculateField A_DRENAJE_2018 N_COLECTOR "PUCUSANA" VB #</Process><Process ToolSource="c:\program files (x86)\arcgis\desktop10.6\ArcToolbox\Toolboxes\Data Management Tools.tbx\CalculateField" Date="20181114" Time="114350">CalculateField A_DRENAJE_2018 N_COLECTOR "LOS CANELOS" VB #</Process><Process ToolSource="c:\program files (x86)\arcgis\desktop10.6\ArcToolbox\Toolboxes\Data Management Tools.tbx\CalculateField" Date="20181114" Time="114453">CalculateField A_DRENAJE_2018 N_COLECTOR "VILLA EL SALVADOR" VB #</Process><Process ToolSource="c:\program files (x86)\arcgis\desktop10.6\ArcToolbox\Toolboxes\Data Management Tools.tbx\CalculateField" Date="20181114" Time="114513">CalculateField A_DRENAJE_2018 N_COLECTOR "SAN JUAN" VB #</Process><Process ToolSource="c:\program files (x86)\arcgis\desktop10.6\ArcToolbox\Toolboxes\Data Management Tools.tbx\CalculateField" Date="20181114" Time="114548">CalculateField A_DRENAJE_2018 N_COLECTOR "CIRCUNVALACION" VB #</Process><Process ToolSource="c:\program files (x86)\arcgis\desktop10.6\ArcToolbox\Toolboxes\Data Management Tools.tbx\CalculateField" Date="20181114" Time="114924">CalculateField A_DRENAJE_2018 N_COLECTOR "CIRCUNVALACION" VB #</Process><Process ToolSource="c:\program files (x86)\arcgis\desktop10.6\ArcToolbox\Toolboxes\Data Management Tools.tbx\CalculateField" Date="20181114" Time="114937">CalculateField A_DRENAJE_2018 N_COLECTOR "SURCO" VB #</Process><Process ToolSource="c:\program files (x86)\arcgis\desktop10.6\ArcToolbox\Toolboxes\Data Management Tools.tbx\CalculateField" Date="20181114" Time="115110">CalculateField A_DRENAJE_2018 N_COLECTOR "CAMPOY" VB #</Process><Process ToolSource="c:\program files (x86)\arcgis\desktop10.6\ArcToolbox\Toolboxes\Data Management Tools.tbx\CalculateField" Date="20181114" Time="115219">CalculateField A_DRENAJE_2018 N_COLECTOR "CAMPOY" VB #</Process><Process ToolSource="c:\program files (x86)\arcgis\desktop10.6\ArcToolbox\Toolboxes\Data Management Tools.tbx\CalculateField" Date="20181114" Time="115245">CalculateField A_DRENAJE_2018 N_COLECTOR "SAN ANTONIO DE CARAPONGO" VB #</Process><Process ToolSource="c:\program files (x86)\arcgis\desktop10.6\ArcToolbox\Toolboxes\Data Management Tools.tbx\CalculateField" Date="20181114" Time="115612">CalculateField A_DRENAJE_2018 N_COLECTOR "MACHU PICCHU" VB #</Process><Process ToolSource="c:\program files (x86)\arcgis\desktop10.6\ArcToolbox\Toolboxes\Data Management Tools.tbx\CalculateField" Date="20181114" Time="115636">CalculateField A_DRENAJE_2018 N_COLECTOR "PAITA" VB #</Process><Process ToolSource="c:\program files (x86)\arcgis\desktop10.6\ArcToolbox\Toolboxes\Data Management Tools.tbx\CalculateField" Date="20181114" Time="115700">CalculateField A_DRENAJE_2018 N_COLECTOR "AMANCAES" VB #</Process><Process ToolSource="c:\program files (x86)\arcgis\desktop10.6\ArcToolbox\Toolboxes\Data Management Tools.tbx\CalculateField" Date="20181114" Time="115928">CalculateField A_DRENAJE_2018 N_SISTEMA "CIENEGUILLA" VB #</Process><Process ToolSource="c:\program files (x86)\arcgis\desktop10.6\ArcToolbox\Toolboxes\Data Management Tools.tbx\CalculateField" Date="20181114" Time="115937">CalculateField A_DRENAJE_2018 N_COLECTOR "CIENEGUILLA" VB #</Process><Process ToolSource="c:\program files (x86)\arcgis\desktop10.6\ArcToolbox\Toolboxes\Data Management Tools.tbx\CalculateField" Date="20181114" Time="120413">CalculateField A_DRENAJE_2018 N_COLECTOR "PUENTE PIEDRA" VB #</Process><Process ToolSource="c:\program files (x86)\arcgis\desktop10.6\ArcToolbox\Toolboxes\Data Management Tools.tbx\CalculateField" Date="20181114" Time="120549">CalculateField A_DRENAJE_2018 N_COLECTOR "SAN ANTIONIO DE CARAPONGO" VB #</Process><Process ToolSource="c:\program files (x86)\arcgis\desktop10.6\ArcToolbox\Toolboxes\Data Management Tools.tbx\CalculateField" Date="20181114" Time="120648">CalculateField A_DRENAJE_2018 N_COLECTOR "VILLA MARIA" VB #</Process><Process ToolSource="c:\program files (x86)\arcgis\desktop10.6\ArcToolbox\Toolboxes\Data Management Tools.tbx\CalculateField" Date="20181114" Time="120805">CalculateField A_DRENAJE_2018 N_SISTEMA "JOSE GALVEZ" VB #</Process><Process ToolSource="c:\program files (x86)\arcgis\desktop10.6\ArcToolbox\Toolboxes\Data Management Tools.tbx\CalculateField" Date="20181114" Time="120817">CalculateField A_DRENAJE_2018 N_COLECTOR "REDES SECUNDARIAS-JOSE GALVEZ" VB #</Process><Process ToolSource="c:\program files (x86)\arcgis\desktop10.6\ArcToolbox\Toolboxes\Data Management Tools.tbx\CalculateField" Date="20181115" Time="101709">CalculateField A_DRENAJE_2018 N_SISTEMA "COMAS - CHILLON" VB #</Process><Process ToolSource="c:\program files (x86)\arcgis\desktop10.6\ArcToolbox\Toolboxes\Data Management Tools.tbx\CalculateField" Date="20181115" Time="120139">CalculateField A_DRENAJE_2018-COLECTOR N_SISTEMA "REDES SECUNDARIAS-JOSE GALVEZ" VB #</Process><Process ToolSource="c:\program files (x86)\arcgis\desktop10.6\ArcToolbox\Toolboxes\Data Management Tools.tbx\CalculateField" Date="20181115" Time="141421">CalculateField A_DRENAJE_2018-COLECTOR N_COLECTOR "PACHACAMAC1" VB #</Process><Process ToolSource="c:\program files (x86)\arcgis\desktop10.6\ArcToolbox\Toolboxes\Data Management Tools.tbx\CalculateField" Date="20181115" Time="145041">CalculateField A_DRENAJE_2018-COLECTOR N_COLECTOR "VILLA EL SALVADOR" VB #</Process><Process ToolSource="c:\program files (x86)\arcgis\desktop10.6\ArcToolbox\Toolboxes\Data Management Tools.tbx\CalculateField" Date="20181115" Time="145423">CalculateField A_DRENAJE_2018-COLECTOR N_COLECTOR "LINEA DE IMPULSION CD-209" VB #</Process><Process ToolSource="c:\program files (x86)\arcgis\desktop10.6\ArcToolbox\Toolboxes\Data Management Tools.tbx\CalculateField" Date="20181115" Time="151903">CalculateField A_DRENAJE_2018-COLECTOR N_COLECTOR "LINEA DE IMPULSION CD-207" VB #</Process><Process ToolSource="c:\program files (x86)\arcgis\desktop10.6\ArcToolbox\Toolboxes\Data Management Tools.tbx\CalculateField" Date="20181115" Time="170927">CalculateField A_DRENAJE_2018-COLECTOR N_COLECTOR "REDES SECUNDARIAS-VILLA EL SALVADOR" VB #</Process><Process ToolSource="c:\program files (x86)\arcgis\desktop10.6\ArcToolbox\Toolboxes\Data Management Tools.tbx\CalculateField" Date="20181116" Time="151304">CalculateField A_DRENAJE_2018-PTAR N_COLECTOR "LA MOLINA" VB #</Process><Process ToolSource="c:\program files (x86)\arcgis\desktop10.6\ArcToolbox\Toolboxes\Data Management Tools.tbx\CalculateField" Date="20181116" Time="151319">CalculateField A_DRENAJE_2018-PTAR N_SISTEMA "SURCO" VB #</Process><Process ToolSource="c:\program files (x86)\arcgis\desktop10.6\ArcToolbox\Toolboxes\Data Management Tools.tbx\CalculateField" Date="20181116" Time="151439">CalculateField A_DRENAJE_2018-PTAR N_COLECTOR "SURCO" VB #</Process><Process ToolSource="c:\program files (x86)\arcgis\desktop10.6\ArcToolbox\Toolboxes\Data Management Tools.tbx\CalculateField" Date="20181217" Time="163906">CalculateField A_DRENAJE_2018 N_COLECTOR "SOL DE CARABAYLLO" VB #</Process><Process ToolSource="c:\program files (x86)\arcgis\desktop10.6\ArcToolbox\Toolboxes\Data Management Tools.tbx\CalculateField" Date="20181217" Time="164122">CalculateField A_DRENAJE_2018 N_COLECTOR "SAN ANTONIO DE CARAPONGO" VB #</Process><Process ToolSource="c:\program files (x86)\arcgis\desktop10.6\ArcToolbox\Toolboxes\Data Management Tools.tbx\CalculateField" Date="20181217" Time="164841">CalculateField A_DRENAJE_2018 N_COLECTOR "LOS HEROES" VB #</Process><Process ToolSource="c:\program files (x86)\arcgis\desktop10.6\ArcToolbox\Toolboxes\Data Management Tools.tbx\CalculateField" Date="20181220" Time="112621">CalculateField A_DRENAJE_2018 N_COLECTOR "VILLA EL SALVADOR" VB #</Process><Process ToolSource="c:\program files (x86)\arcgis\desktop10.6\ArcToolbox\Toolboxes\Data Management Tools.tbx\CalculateField" Date="20181220" Time="164151">CalculateField A_DRENAJE_2018 N_ESTADO "EXISTENTE" VB #</Process><Process ToolSource="c:\program files (x86)\arcgis\desktop10.4\ArcToolbox\Toolboxes\Data Management Tools.tbx\CalculateField" Date="20181224" Time="140214">CalculateField A_DRENAJE_2018 N_COLECTOR "COMAS" VB #</Process><Process ToolSource="c:\program files (x86)\arcgis\desktop10.4\ArcToolbox\Toolboxes\Data Management Tools.tbx\CalculateField" Date="20181226" Time="043555">CalculateField A_DRENAJE_2018 FUNCTION "REBOMBEO Y GRAVEDAD" VB #</Process><Process ToolSource="c:\program files (x86)\arcgis\desktop10.4\ArcToolbox\Toolboxes\Data Management Tools.tbx\CalculateField" Date="20181226" Time="043619">CalculateField A_DRENAJE_2018 FUNCTION "REBOMBEO" VB #</Process><Process ToolSource="c:\program files (x86)\arcgis\desktop10.4\ArcToolbox\Toolboxes\Data Management Tools.tbx\CalculateField" Date="20181226" Time="043848">CalculateField A_DRENAJE_2018 FUNCIÓN "REBOMBEO Y GRAVEDAD" VB #</Process><Process ToolSource="c:\program files (x86)\arcgis\desktop10.4\ArcToolbox\Toolboxes\Data Management Tools.tbx\CalculateField" Date="20181226" Time="043924">CalculateField A_DRENAJE_2018 FUNCIÓN "REBOMBEO" VB #</Process><Process ToolSource="c:\program files (x86)\arcgis\desktop10.4\ArcToolbox\Toolboxes\Data Management Tools.tbx\CalculateField" Date="20181226" Time="044012">CalculateField A_DRENAJE_2018 FUNCIÓN "REBOMBEO Y GRAVEDAD" VB #</Process><Process ToolSource="c:\program files (x86)\arcgis\desktop10.4\ArcToolbox\Toolboxes\Data Management Tools.tbx\CalculateField" Date="20181226" Time="044100">CalculateField A_DRENAJE_2018 FUNCIÓN "REBOMBEO" VB #</Process><Process ToolSource="c:\program files (x86)\arcgis\desktop10.4\ArcToolbox\Toolboxes\Data Management Tools.tbx\CalculateField" Date="20181226" Time="044131">CalculateField A_DRENAJE_2018 FUNCIÓN "REBOMBEO" VB #</Process><Process ToolSource="c:\program files (x86)\arcgis\desktop10.4\ArcToolbox\Toolboxes\Data Management Tools.tbx\CalculateField" Date="20181226" Time="044158">CalculateField A_DRENAJE_2018 FUNCIÓN "REBOMBEO Y GRAVEDAD" VB #</Process><Process ToolSource="c:\program files (x86)\arcgis\desktop10.4\ArcToolbox\Toolboxes\Data Management Tools.tbx\CalculateField" Date="20181226" Time="044316">CalculateField A_DRENAJE_2018 FUNCIÓN "REBOMBEO" VB #</Process><Process ToolSource="c:\program files (x86)\arcgis\desktop10.4\ArcToolbox\Toolboxes\Data Management Tools.tbx\CalculateField" Date="20181226" Time="044407">CalculateField A_DRENAJE_2018 FUNCIÓN "REBOMBEO" VB #</Process><Process ToolSource="c:\program files (x86)\arcgis\desktop10.4\ArcToolbox\Toolboxes\Data Management Tools.tbx\CalculateField" Date="20181226" Time="044434">CalculateField A_DRENAJE_2018 FUNCIÓN "REBOMBEO Y GRAVEDAD" VB #</Process><Process ToolSource="c:\program files (x86)\arcgis\desktop10.4\ArcToolbox\Toolboxes\Data Management Tools.tbx\CalculateField" Date="20181226" Time="044529">CalculateField A_DRENAJE_2018 FUNCIÓN "REBOMBEO" VB #</Process><Process ToolSource="c:\program files (x86)\arcgis\desktop10.4\ArcToolbox\Toolboxes\Data Management Tools.tbx\CalculateField" Date="20181226" Time="044604">CalculateField A_DRENAJE_2018 FUNCIÓN "REBOMBEO Y GRAVEDAD" VB #</Process><Process ToolSource="c:\program files (x86)\arcgis\desktop10.4\ArcToolbox\Toolboxes\Data Management Tools.tbx\CalculateField" Date="20181226" Time="044706">CalculateField A_DRENAJE_2018 FUNCIÓN "REBOMBEO Y GRAVEDAD" VB #</Process><Process ToolSource="c:\program files (x86)\arcgis\desktop10.4\ArcToolbox\Toolboxes\Data Management Tools.tbx\CalculateField" Date="20181226" Time="044729">CalculateField A_DRENAJE_2018 FUNCIÓN "REBOMBEO Y GRAVEDAD" VB #</Process><Process ToolSource="c:\program files (x86)\arcgis\desktop10.4\ArcToolbox\Toolboxes\Data Management Tools.tbx\CalculateField" Date="20181226" Time="044839">CalculateField A_DRENAJE_2018 FUNCIÓN "REBOMBEO" VB #</Process><Process ToolSource="c:\program files (x86)\arcgis\desktop10.4\ArcToolbox\Toolboxes\Data Management Tools.tbx\CalculateField" Date="20181226" Time="044906">CalculateField A_DRENAJE_2018 FUNCIÓN "REBOMBEO Y GRVAEDAD" VB #</Process><Process ToolSource="c:\program files (x86)\arcgis\desktop10.4\ArcToolbox\Toolboxes\Data Management Tools.tbx\CalculateField" Date="20181226" Time="044953">CalculateField A_DRENAJE_2018 FUNCIÓN "REBOMBEO Y GRVAEDAD" VB #</Process><Process ToolSource="c:\program files (x86)\arcgis\desktop10.4\ArcToolbox\Toolboxes\Data Management Tools.tbx\CalculateField" Date="20181226" Time="045013">CalculateField A_DRENAJE_2018 FUNCIÓN "REBOMBEO Y GRVAEDAD" VB #</Process><Process ToolSource="c:\program files (x86)\arcgis\desktop10.4\ArcToolbox\Toolboxes\Data Management Tools.tbx\CalculateField" Date="20181226" Time="045039">CalculateField A_DRENAJE_2018 FUNCIÓN "REBOMBEO Y GRVAEDAD" VB #</Process><Process ToolSource="c:\program files (x86)\arcgis\desktop10.4\ArcToolbox\Toolboxes\Data Management Tools.tbx\CalculateField" Date="20181226" Time="045137">CalculateField A_DRENAJE_2018 FUNCIÓN "REBOMBEO Y GRVAEDAD" VB #</Process><Process ToolSource="c:\program files (x86)\arcgis\desktop10.4\ArcToolbox\Toolboxes\Data Management Tools.tbx\CalculateField" Date="20181226" Time="045154">CalculateField A_DRENAJE_2018 FUNCIÓN "REBOMBEO Y GRVAEDAD" VB #</Process><Process ToolSource="c:\program files (x86)\arcgis\desktop10.4\ArcToolbox\Toolboxes\Data Management Tools.tbx\CalculateField" Date="20181226" Time="045211">CalculateField A_DRENAJE_2018 FUNCIÓN "REBOMBEO Y GRVAEDAD" VB #</Process><Process ToolSource="c:\program files (x86)\arcgis\desktop10.4\ArcToolbox\Toolboxes\Data Management Tools.tbx\CalculateField" Date="20181226" Time="045228">CalculateField A_DRENAJE_2018 FUNCIÓN "REBOMBEO Y GRVAEDAD" VB #</Process><Process ToolSource="c:\program files (x86)\arcgis\desktop10.4\ArcToolbox\Toolboxes\Data Management Tools.tbx\CalculateField" Date="20181226" Time="045259">CalculateField A_DRENAJE_2018 FUNCIÓN "REBOMBEO Y GRVAEDAD" VB #</Process><Process ToolSource="c:\program files (x86)\arcgis\desktop10.4\ArcToolbox\Toolboxes\Data Management Tools.tbx\CalculateField" Date="20181226" Time="045513">CalculateField A_DRENAJE_2018 FUNCIÓN "REBOMBEO " VB #</Process><Process ToolSource="c:\program files (x86)\arcgis\desktop10.4\ArcToolbox\Toolboxes\Data Management Tools.tbx\CalculateField" Date="20181226" Time="045602">CalculateField A_DRENAJE_2018 FUNCIÓN "REBOMBEO Y GRAVEDAD" VB #</Process><Process ToolSource="c:\program files (x86)\arcgis\desktop10.4\ArcToolbox\Toolboxes\Data Management Tools.tbx\CalculateField" Date="20181226" Time="045620">CalculateField A_DRENAJE_2018 FUNCIÓN "REBOMBEO Y GRAVEDAD" VB #</Process><Process ToolSource="c:\program files (x86)\arcgis\desktop10.4\ArcToolbox\Toolboxes\Data Management Tools.tbx\CalculateField" Date="20181226" Time="045733">CalculateField A_DRENAJE_2018 FUNCIÓN "REBOMBEO" VB #</Process><Process ToolSource="c:\program files (x86)\arcgis\desktop10.4\ArcToolbox\Toolboxes\Data Management Tools.tbx\CalculateField" Date="20181226" Time="045923">CalculateField A_DRENAJE_2018 FUNCIÓN "REBOMBEO Y GRAVEDAD" VB #</Process><Process ToolSource="c:\program files (x86)\arcgis\desktop10.4\ArcToolbox\Toolboxes\Data Management Tools.tbx\CalculateField" Date="20181226" Time="050047">CalculateField A_DRENAJE_2018 FUNCIÓN "GRAVEDAD" VB #</Process><Process ToolSource="c:\program files (x86)\arcgis\desktop10.4\ArcToolbox\Toolboxes\Data Management Tools.tbx\CalculateField" Date="20181226" Time="050149">CalculateField A_DRENAJE_2018 FUNCIÓN "REBOMBEO Y GRAVEDAD" VB #</Process><Process ToolSource="c:\program files (x86)\arcgis\desktop10.4\ArcToolbox\Toolboxes\Data Management Tools.tbx\CalculateField" Date="20181226" Time="050259">CalculateField A_DRENAJE_2018 FUNCIÓN "REBOMBEO" VB #</Process><Process ToolSource="c:\program files (x86)\arcgis\desktop10.4\ArcToolbox\Toolboxes\Data Management Tools.tbx\CalculateField" Date="20181226" Time="050337">CalculateField A_DRENAJE_2018 FUNCIÓN "REBOMBEO" VB #</Process><Process ToolSource="c:\program files (x86)\arcgis\desktop10.4\ArcToolbox\Toolboxes\Data Management Tools.tbx\CalculateField" Date="20181226" Time="050508">CalculateField A_DRENAJE_2018 FUNCIÓN "REBOMBEO" VB #</Process><Process ToolSource="c:\program files (x86)\arcgis\desktop10.4\ArcToolbox\Toolboxes\Data Management Tools.tbx\CalculateField" Date="20181226" Time="050646">CalculateField A_DRENAJE_2018 FUNCIÓN "GRAVEDAD" VB #</Process><Process ToolSource="c:\program files (x86)\arcgis\desktop10.4\ArcToolbox\Toolboxes\Data Management Tools.tbx\CalculateField" Date="20190102" Time="044646">CalculateField A_DRENAJE_2018 N_PTAR "HUASCAR" VB #</Process><Process ToolSource="c:\program files (x86)\arcgis\desktop10.6\ArcToolbox\Toolboxes\Data Management Tools.tbx\CalculateField" Date="20190104" Time="105248">CalculateField A_DRENAJE_2018 RefName "CC_SS" VB #</Process><Process ToolSource="c:\program files (x86)\arcgis\desktop10.6\ArcToolbox\Toolboxes\Data Management Tools.tbx\CalculateField" Date="20190104" Time="105346">CalculateField A_DRENAJE_2018 CC_SS "CALLAO" VB #</Process><Process ToolSource="c:\program files (x86)\arcgis\desktop10.6\ArcToolbox\Toolboxes\Data Management Tools.tbx\CalculateField" Date="20190104" Time="105407">CalculateField A_DRENAJE_2018 RefName "" VB #</Process><Process ToolSource="c:\program files (x86)\arcgis\desktop10.6\ArcToolbox\Toolboxes\Data Management Tools.tbx\CalculateField" Date="20190104" Time="110609">CalculateField A_DRENAJE_2018 CC_SS "COMAS" VB #</Process><Process ToolSource="c:\program files (x86)\arcgis\desktop10.6\ArcToolbox\Toolboxes\Data Management Tools.tbx\CalculateField" Date="20190104" Time="110735">CalculateField A_DRENAJE_2018 CC_SS "SAN JUAN DE LURIGANCHO" VB #</Process><Process ToolSource="c:\program files (x86)\arcgis\desktop10.6\ArcToolbox\Toolboxes\Data Management Tools.tbx\CalculateField" Date="20190104" Time="111039">CalculateField A_DRENAJE_2018 CC_SS "BREÑA" VB #</Process><Process ToolSource="c:\program files (x86)\arcgis\desktop10.6\ArcToolbox\Toolboxes\Data Management Tools.tbx\CalculateField" Date="20190104" Time="111618">CalculateField A_DRENAJE_2018 CC_SS "ATE VITARTE" VB #</Process><Process ToolSource="c:\program files (x86)\arcgis\desktop10.6\ArcToolbox\Toolboxes\Data Management Tools.tbx\CalculateField" Date="20190104" Time="111726">CalculateField A_DRENAJE_2018 CC_SS "VILLA EL SALVADOR" VB #</Process><Process ToolSource="c:\program files (x86)\arcgis\desktop10.6\ArcToolbox\Toolboxes\Data Management Tools.tbx\CalculateField" Date="20190104" Time="112224">CalculateField A_DRENAJE_2018 CC_SS "SURQUILLO" VB #</Process><Process ToolSource="c:\program files (x86)\arcgis\desktop10.6\ArcToolbox\Toolboxes\Data Management Tools.tbx\CalculateField" Date="20190104" Time="113238">CalculateField A_DRENAJE_2018 N_PTAR "AL HUMEDAL" VB #</Process><Process ToolSource="c:\program files (x86)\arcgis\desktop10.6\ArcToolbox\Toolboxes\Data Management Tools.tbx\CalculateField" Date="20190104" Time="120050">CalculateField A_DRENAJE_2018 CC_SS "VILLA EL SALVADOR" VB #</Process><Process ToolSource="c:\program files (x86)\arcgis\desktop10.4\ArcToolbox\Toolboxes\Data Management Tools.tbx\CalculateField" Date="20190106" Time="104144">CalculateField A_DRENAJE_2018 N_PTAR "HUASCAR" VB #</Process><Process ToolSource="c:\program files (x86)\arcgis\desktop10.4\ArcToolbox\Toolboxes\Data Management Tools.tbx\CalculateField" Date="20190106" Time="105033">CalculateField A_DRENAJE_2018 N_PTAR "LURÍN" VB #</Process><Process ToolSource="c:\program files (x86)\arcgis\desktop10.4\ArcToolbox\Toolboxes\Data Management Tools.tbx\CalculateField" Date="20190106" Time="125844">CalculateField A_DRENAJE_2018 N_COLECTOR "LA MOLINA" VB #</Process><Process ToolSource="c:\program files (x86)\arcgis\desktop10.4\ArcToolbox\Toolboxes\Data Management Tools.tbx\CalculateField" Date="20190106" Time="130504">CalculateField A_DRENAJE_2018 N_PTAR "LA CHIRA-SAN BARTOLO" VB #</Process><Process ToolSource="c:\program files (x86)\arcgis\desktop10.6\ArcToolbox\Toolboxes\Data Management Tools.tbx\CalculateField" Date="20190718" Time="154807">CalculateField A_DRENAJE_2018 N_SISTEMA "N° 6" VB #</Process><Process ToolSource="c:\program files (x86)\arcgis\desktop10.6\ArcToolbox\Toolboxes\Data Management Tools.tbx\CalculateField" Date="20190718" Time="155128">CalculateField A_DRENAJE_2018 N_SISTEMA2 [N_SISTEMA] VB #</Process><Process ToolSource="c:\program files (x86)\arcgis\desktop10.6\ArcToolbox\Toolboxes\Data Management Tools.tbx\CalculateField" Date="20190718" Time="155553">CalculateField A_DRENAJE_2018 N_SISTEMA2 "N° 6" VB #</Process><Process ToolSource="c:\program files (x86)\arcgis\desktop10.6\ArcToolbox\Toolboxes\Data Management Tools.tbx\CalculateField" Date="20210318" Time="092146">CalculateField AD N_PTAR "AL MAR" VB #</Process><Process ToolSource="c:\program files (x86)\arcgis\desktop10.6\ArcToolbox\Toolboxes\Data Management Tools.tbx\CalculateField" Date="20210318" Time="092217">CalculateField AD N_ESTADO "EXISTENTE" VB #</Process><Process ToolSource="c:\program files (x86)\arcgis\desktop10.6\ArcToolbox\Toolboxes\Data Management Tools.tbx\CalculateField" Date="20210318" Time="092507">CalculateField AD N_PTAR "AL MAR" VB #</Process><Process ToolSource="c:\program files (x86)\arcgis\desktop10.6\ArcToolbox\Toolboxes\Data Management Tools.tbx\CalculateField" Date="20210707" Time="185051">CalculateField AD N_PTAR "PACHACUTEC" VB #</Process><Process ToolSource="c:\program files (x86)\arcgis\desktop10.6\ArcToolbox\Toolboxes\Data Management Tools.tbx\Dissolve" Date="20220122" Time="211431">Dissolve ADREN_BRENA_EXT C:\Users\FRANCISCO\Downloads\Sedapal\Demanda_22012022.gdb\ADREN_BRENA_EXT_POL_2 N_PTAR # MULTI_PART DISSOLVE_LINES</Process></lineage><itemProps><itemName Sync="TRUE">ADREN_BRENA_EXT_POL_2</itemName><imsContentType Sync="TRUE">002</imsContentType><itemSize Sync="TRUE">0.000</itemSize><itemLocation><linkage Sync="TRUE">file://\\DESKTOP-KTO4FIE\C$\Users\FRANCISCO\Downloads\Sedapal\Informe01\01 BRENA\BORDE_ADREN_BRENA</linkage><protocol Sync="TRUE">Local Area Network</protocol></itemLocation></itemProps><coordRef><type Sync="TRUE">Projected</type><geogcsn Sync="TRUE">GCS_WGS_1984</geogcsn><csUnits Sync="TRUE">Linear Unit: Meter (1.000000)</csUnits><projcsn Sync="TRUE">WGS_1984_UTM_Zone_18S</projcsn><peXml Sync="TRUE">&lt;ProjectedCoordinateSystem xsi:type='typens:ProjectedCoordinateSystem' xmlns:xsi='http://www.w3.org/2001/XMLSchema-instance' xmlns:xs='http://www.w3.org/2001/XMLSchema' xmlns:typens='http://www.esri.com/schemas/ArcGIS/10.6'&gt;&lt;WKT&gt;PROJCS[&amp;quot;WGS_1984_UTM_Zone_18S&amp;quot;,GEOGCS[&amp;quot;GCS_WGS_1984&amp;quot;,DATUM[&amp;quot;D_WGS_1984&amp;quot;,SPHEROID[&amp;quot;WGS_1984&amp;quot;,6378137.0,298.257223563]],PRIMEM[&amp;quot;Greenwich&amp;quot;,0.0],UNIT[&amp;quot;Degree&amp;quot;,0.0174532925199433]],PROJECTION[&amp;quot;Transverse_Mercator&amp;quot;],PARAMETER[&amp;quot;False_Easting&amp;quot;,500000.0],PARAMETER[&amp;quot;False_Northing&amp;quot;,10000000.0],PARAMETER[&amp;quot;Central_Meridian&amp;quot;,-75.0],PARAMETER[&amp;quot;Scale_Factor&amp;quot;,0.9996],PARAMETER[&amp;quot;Latitude_Of_Origin&amp;quot;,0.0],UNIT[&amp;quot;Meter&amp;quot;,1.0],AUTHORITY[&amp;quot;EPSG&amp;quot;,32718]]&lt;/WKT&gt;&lt;XOrigin&gt;-5120900&lt;/XOrigin&gt;&lt;YOrigin&gt;1900&lt;/YOrigin&gt;&lt;XYScale&gt;10000&lt;/XYScale&gt;&lt;ZOrigin&gt;-100000&lt;/ZOrigin&gt;&lt;ZScale&gt;10000&lt;/ZScale&gt;&lt;MOrigin&gt;-100000&lt;/MOrigin&gt;&lt;MScale&gt;10000&lt;/MScale&gt;&lt;XYTolerance&gt;0.001&lt;/XYTolerance&gt;&lt;ZTolerance&gt;0.001&lt;/ZTolerance&gt;&lt;MTolerance&gt;0.001&lt;/MTolerance&gt;&lt;HighPrecision&gt;true&lt;/HighPrecision&gt;&lt;WKID&gt;32718&lt;/WKID&gt;&lt;LatestWKID&gt;32718&lt;/LatestWKID&gt;&lt;/ProjectedCoordinateSystem&gt;</peXml></coordRef><copyHistory><copy source="C:\Users\FRANCISCO\Downloads\Sedapal\BORDE_ADREN_BRENA" dest="\\DESKTOP-KTO4FIE\C$\Users\FRANCISCO\Downloads\Sedapal\Informe01\01 BRENA\BORDE_ADREN_BRENA" date="20220128" time="19463700"></copy></copyHistory></DataProperties><SyncDate>20220122</SyncDate><SyncTime>21142700</SyncTime><ModDate>20220122</ModDate><ModTime>21142700</ModTime></Esri><dataIdInfo><envirDesc Sync="TRUE"> Version 6.2 (Build 9200) ; Esri ArcGIS 10.6.1.9270</envirDesc><dataLang><languageCode value="spa" Sync="TRUE"></languageCode><countryCode value="PER" Sync="TRUE"></countryCode></dataLang><idCitation><resTitle Sync="TRUE">ADREN_BRENA_EXT_POL_2</resTitle><presForm><PresFormCd value="005" Sync="TRUE"></PresFormCd></presForm></idCitation><spatRpType><SpatRepTypCd value="001" Sync="TRUE"></SpatRepTypCd></spatRpType></dataIdInfo><mdLang><languageCode value="spa" Sync="TRUE"></languageCode><countryCode value="PER" Sync="TRUE"></countryCode></mdLang><mdChar><CharSetCd value="004" Sync="TRUE"></CharSetCd></mdChar><distInfo><distFormat><formatName Sync="TRUE">File Geodatabase Feature Class</formatName></distFormat><distTranOps><transSize Sync="TRUE">0.000</transSize></distTranOps></distInfo><mdHrLv><ScopeCd value="005" Sync="TRUE"></ScopeCd></mdHrLv><mdHrLvName Sync="TRUE">dataset</mdHrLvName><refSysInfo><RefSystem><refSysID><identCode code="32718" Sync="TRUE"></identCode><idCodeSpace Sync="TRUE">EPSG</idCodeSpace><idVersion Sync="TRUE">2.1(3.0.1)</idVersion></refSysID></RefSystem></refSysInfo><spatRepInfo><VectSpatRep><geometObjs Name="ADREN_BRENA_EXT_POL_2"><geoObjTyp><GeoObjTypCd value="002" Sync="TRUE"></GeoObjTypCd></geoObjTyp><geoObjCnt Sync="TRUE">0</geoObjCnt></geometObjs><topLvl><TopoLevCd value="001" Sync="TRUE"></TopoLevCd></topLvl></VectSpatRep></spatRepInfo><spdoinfo><ptvctinf><esriterm Name="ADREN_BRENA_EXT_POL_2"><efeatyp Sync="TRUE">Simple</efeatyp><efeageom code="4" Sync="TRUE"></efeageom><esritopo Sync="TRUE">FALSE</esritopo><efeacnt Sync="TRUE">0</efeacnt><spindex Sync="TRUE">TRUE</spindex><linrefer Sync="TRUE">TRUE</linrefer></esriterm></ptvctinf></spdoinfo><eainfo><detailed Name="ADREN_BRENA_EXT_POL_2"><enttyp><enttypl Sync="TRUE">ADREN_BRENA_EXT_POL_2</enttypl><enttypt Sync="TRUE">Feature Class</enttypt><enttypc Sync="TRUE">0</enttypc></enttyp><attr><attrlabl Sync="TRUE">Shape</attrlabl><attalias Sync="TRUE">Shape</attalias><attrtype Sync="TRUE">Geometry</attrtype><attwidth Sync="TRUE">0</attwidth><atprecis Sync="TRUE">0</atprecis><attscale Sync="TRUE">0</attscale><attrdef Sync="TRUE">Feature geometry.</attrdef><attrdefs Sync="TRUE">Esri</attrdefs><attrdomv><udom Sync="TRUE">Coordinates defining the features.</udom></attrdomv></attr><attr><attrlabl Sync="TRUE">OBJECTID</attrlabl><attalias Sync="TRUE">FID</attalias><attrtype Sync="TRUE">OID</attrtype><attwidth Sync="TRUE">4</attwidth><atprecis Sync="TRUE">0</atprecis><attscale Sync="TRUE">0</attscale><attrdef Sync="TRUE">Internal feature number.</attrdef><attrdefs Sync="TRUE">Esri</attrdefs><attrdomv><udom Sync="TRUE">Sequential unique whole numbers that are automatically generated.</udom></attrdomv></attr><attr><attrlabl Sync="TRUE">SHAPE_AREA</attrlabl><attalias Sync="TRUE">Shape_Area</attalias><attrtype Sync="TRUE">Double</attrtype><attwidth Sync="TRUE">8</attwidth><atprecis Sync="TRUE">0</atprecis><attscale Sync="TRUE">0</attscale><attrdef Sync="TRUE">Area of feature in internal units squared.</attrdef><attrdefs Sync="TRUE">Esri</attrdefs><attrdomv><udom Sync="TRUE">Positive real numbers that are automatically generated.</udom></attrdomv></attr><attr><attrlabl Sync="TRUE">Shape_Length</attrlabl><attalias Sync="TRUE">Shape_Length</attalias><attrtype Sync="TRUE">Double</attrtype><attwidth Sync="TRUE">8</attwidth><atprecis Sync="TRUE">0</atprecis><attscale Sync="TRUE">0</attscale><attrdef Sync="TRUE">Length of feature in internal units.</attrdef><attrdefs Sync="TRUE">Esri</attrdefs><attrdomv><udom Sync="TRUE">Positive real numbers that are automatically generated.</udom></attrdomv></attr><attr><attrlabl Sync="TRUE">N_PTAR</attrlabl><attalias Sync="TRUE">N_PTAR</attalias><attrtype Sync="TRUE">String</attrtype><attwidth Sync="TRUE">50</attwidth><atprecis Sync="TRUE">0</atprecis><attscale Sync="TRUE">0</attscale></attr></detailed></eainfo><mdDateSt Sync="TRUE">20220122</mdDateSt></metadata>
